"word_kanji","kana_parsed","kana_parsed2","hangul"
数学,スウ|ガク,スー|ガク,수학
文学,ブン|ガク,ブン|ガク,문학
化学,カ|ガク,カ|ガク,화학
音階,オン|カイ,オン|カイ,음계
文庫,ブン|コ,ブン|コ,문고
方程式,ホウ|テイ|シキ,ホー|テイ|シキ,방정식
多項式,タ|コウ|シキ,タ|コー|シキ,다항식
物理,ブツ|リ,ブツ|リ,물리
級数,キュウ|スウ,キュー|スー,급수
歌手,カ|シュ,カ|シュ,가수
光子,コウ|シ,コー|シ,광자
標準,ヒョウ|ジュン,ヒョー|ジュン,표준
模型,モ|ケイ,モ|ケイ,모형
群論,グン|ロン,グン|ロン,군론
波動,ハ|ドウ,ハ|ドー,파동
微細,ビ|サイ,ビ|サイ,미세
構造,コウ|ゾウ,コー|ゾー,구조
空間,クウ|カン,クー|カン,공간
大韓民国,ダイ|カン|ミン|コク,ダイ|カン|ミン|コク,대한민국
加速度,カ|ソク|ド,カ|ソク|ド,가속도
速度,ソク|ド,ソク|ド,속도
微分,ビ|ブン,ビ|ブン,미분
運動,ウン|ドウ,ウン|ドー,운동
電子,デン|シ,デン|シ,전자
掲示板,ケイ|ジ|バン,ケイ|ジ|バン,게시판
情報,ジョウ|ホウ,ジョー|ホー,정보
通信,ツウ|シン,ツー|シン,통신
有理数,ユウ|リ|スウ,ユー|リ|スー,유리수
財団,ザイ|ダン,ザイ|ダン,재단
虚数,キョ|スウ,キョ|スー,허수
変換,ヘン|カン,ヘン|カン,변환
実数,ジッ|スウ,ジッ|スー,실수
朝鮮日報,チョウ|セン|ニッ|ポウ,チョー|セン|ニッ|ポー,조선일보
集合,シュウ|ゴウ,シュー|ゴー,집합
区間,ク|カン,ク|カン,구간
不等式,フ|トウ|シキ,フ|トー|シキ,부등식
日本,ニッ|ポン,ニッ|ポン,일본
工学,コウ|ガク,コー|ガク,공학
原子,ゲン|シ,ゲン|シ,원자
朝鮮民主主義人民共和国,チョウ|セン|ミン|シュ|シュ|ギ|ジン|ミン|キョウ|ワ|コク,チョー|セン|ミン|シュ|シュ|ギ|ジン|ミン|キョー|ワ|コク,조선민주주의인민공화국
火星,カ|セイ,カ|セイ,화성
誘導,ユウ|ドウ,ユー|ドー,유도
天文学,テン|モン|ガク,テン|モン|ガク,천문학
行列,ギョウ|レツ,ギョー|レツ,행렬
気象庁,キ|ショウ|チョウ,キ|ショー|チョー,기상청
言語,ゲン|ゴ,ゲン|ゴ,언어
麻薬,マ|ヤク,マ|ヤク,마약
学習,ガク|シュウ,ガク|シュー,학습
遺伝子,イ|デン|シ,イ|デン|シ,유전자
辞典,ジ|テン,ジ|テン,사전
電気,デン|キ,デン|キ,전기
電荷,デン|カ,デン|カ,전하
電位,デン|イ,デン|イ,전위
電流,デン|リュウ,デン|リュー,전류
抵抗,テイ|コウ,テイ|コー,저항
電力,デン|リョク,デン|リョク,전력
生化学,セイ|カ|ガク,セイ|カ|ガク,생화학
虞美人草,グ|ビ|ジン|ソウ,グ|ビ|ジン|ソー,우미인초
農業,ノウ|ギョウ,ノー|ギョー,농업
演劇,エン|ゲキ,エン|ゲキ,연극
協奏曲,キョウ|ソウ|キョク,キョー|ソー|キョク,협주곡
野球,ヤ|キュウ,ヤ|キュー,야구
英語,エイ|ゴ,エイ|ゴ,영어
色,ショク,ショク,색
君主,クン|シュ,クン|シュ,군주
中華人民共和国,チュウ|カ|ジン|ミン|キョウ|ワ|コク,チュー|カ|ジン|ミン|キョー|ワ|コク,중화인민공화국
中国,チュウ|ゴク,チュー|ゴク,중국
音程,オン|テイ,オン|テイ,음정
真珠湾,シン|ジュ|ワン,シン|ジュ|ワン,진주만
攻撃,コウ|ゲキ,コー|ゲキ,공격
矛盾,ム|ジュン,ム|ジュン,모순
米国,ベイ|コク,ベイ|コク,미국
協会,キョウ|カイ,キョー|カイ,협회
粉食,フン|ショク,フン|ショク,분식
土曜日,ド|ヨウ|ビ,ド|ヨー|ビ,토요일
核,カク,カク,핵
拡散,カク|サン,カク|サン,확산
条約,ジョウ|ヤク,ジョー|ヤク,조약
水泳,スイ|エイ,スイ|エイ,수영
古代,コ|ダイ,コ|ダイ,고대
金鍾泌,キン|ショウ|ヒツ,キン|ショー|ヒツ,김종필
対位法,タイ|イ|ホウ,タイ|イ|ホー,대위법
交通,コウ|ツウ,コー|ツー,교통
地平,チ|ヘイ,チ|ヘイ,지평
座標,ザ|ヒョウ,ザ|ヒョー,좌표
半島,ハン|トウ,ハン|トー,반도
山脈,サン|ミャク,サン|ミャク,산맥
民族,ミン|ゾク,ミン|ゾク,민족
法学,ホウ|ガク,ホー|ガク,법학
世界,セ|カイ,セ|カイ,세계
戦争,セン|ソウ,セン|ソー,전쟁
皇帝,コウ|テイ,コー|テイ,황제
医師,イ|シ,イ|シ,의사
閏年,ウルウ|ドシ,ウルー|ドシ,윤년
政治,セイ|ジ,セイ|ジ,정치
北大西洋,キタ|タイ|セイ|ヨウ,キタ|タイ|セイ|ヨー,북대서양
機構,キ|コウ,キ|コー,기구
赤道,アカ|ミチ,アカ|ミチ,적도
日食,ニッ|ショク,ニッ|ショク,일식
月食,ゲッ|ショク,ゲッ|ショク,월식
質量,シツ|リョウ,シツ|リョー,질량
政党,セイ|トウ,セイ|トー,정당
群,グン,グン,군
大統領,ダイ|トウ|リョウ,ダイ|トー|リョー,대통령
心臓,シン|ゾウ,シン|ゾー,심장
水素,スイ|ソ,スイ|ソ,수소
同位,ドウ|イ,ドー|イ,동위
歌曲,カ|キョク,カ|キョク,가곡
分子,ブン|シ,ブン|シ,분자
溶媒,ヨウ|バイ,ヨー|バイ,용매
燃焼,ネン|ショウ,ネン|ショー,연소
温室,オン|シツ,オン|シツ,온실
効果,コウ|カ,コー|カ,효과
温度,オン|ド,オン|ド,온도
対流圏,タイ|リュウ|ケン,タイ|リュー|ケン,대류권
熱,ネツ,ネツ,열
春秋,シュン|ジュウ,シュン|ジュー,춘추
戦国,セン|ゴク,セン|ゴク,전국
時代,ジ|ダイ,ジ|ダイ,시대
飲料,イン|リョウ,イン|リョー,음료
一酸化,イッ|サン|カ,イッ|サン|カ,일산화
炭素,タン|ソ,タン|ソ,탄소
燃料,ネン|リョウ,ネン|リョー,연료
赤血球,セッ|ケッ|キュウ,セッ|ケッ|キュー,적혈구
血液,ケツ|エキ,ケツ|エキ,혈액
気団,キ|ダン,キ|ダン,기단
宗廟,ソウ|ビョウ,ソー|ビョー,종묘
韓国,カン|コク,カン|コク,한국
中華民国,チュウ|カ|ミン|コク,チュー|カ|ミン|コク,중화민국
高句麗,コウ|ク|リ,コー|ク|リ,고구려
微生物,ビ|セイ|ブツ,ビ|セイ|ブツ,미생물
大気,タイ|キ,タイ|キ,대기
古事記,コ|ジ|キ,コ|ジ|キ,고사기
集積,シュウ|セキ,シュー|セキ,집적
回路,カイ|ロ,カイ|ロ,회로
皇后,コウ|ゴウ,コー|ゴー,황후
天皇,テン|ノウ,テン|ノー,천황
数,スウ,スー,수
望遠鏡,ボウ|エン|キョウ,ボー|エン|キョー,망원경
県,ケン,ケン,현
市,シ,シ,시
指数,シ|スウ,シ|スー,지수
単位,タン|イ,タン|イ,단위
図書館,ト|ショ|カン,ト|ショ|カン,도서관
脳波,ノウ|ハ,ノー|ハ,뇌파
水星,スイ|セイ,スイ|セイ,수성
朝鮮,チョウ|セン,チョー|セン,조선
通信使,ツウ|シン|シ,ツー|シン|シ,통신사
幕府,バク|フ,バク|フ,막부
政府,セイ|フ,セイ|フ,정부
藩,ハン,ハン,번
州,シュウ,シュー,주
東照宮,トウ|ショウ|グウ,トー|ショー|グー,동조궁
伽耶,カ|ヤ,カ|ヤ,가야
国際,コク|サイ,コク|サイ,국제
三国志,サン|ゴク|シ,サン|ゴク|シ,삼국지
整数,セイ|スウ,セイ|スー,정수
飛行機,ヒ|コウ|キ,ヒ|コー|キ,비행기
西王母,セイ|オウ|ボ,セイ|オー|ボ,서왕모
部隊,ブ|タイ,ブ|タイ,부대
制度,セイ|ド,セイ|ド,제도
廃止,ハイ|シ,ハイ|シ,폐지
叙事詩,ジョ|ジ|シ,ジョ|ジ|シ,서사시
倭,ヤマト,ヤマト,왜
語族,ゴ|ゾク,ゴ|ゾク,어족
太平洋,タイ|ヘイ|ヨウ,タイ|ヘイ|ヨー,태평양
区,ク,ク,구
曲線,キョク|セン,キョク|セン,곡선
脊椎動物,セキ|ツイ|ドウ|ブツ,セキ|ツイ|ドー|ブツ,척추동물
国軍,コク|グン,コク|グン,국군
地球,チ|キュウ,チ|キュー,지구
天体,テン|タイ,テン|タイ,천체
彗星,スイ|セイ,スイ|セイ,혜성
葉酸,ヨウ|サン,ヨー|サン,엽산
国,コク,コク,국
全羅北道,ゼン|ラ|ホク|ドウ,ゼン|ラ|ホク|ドー,전라북도
全羅南道,ゼン|ラ|ナン|ドウ,ゼン|ラ|ナン|ドー,전라남도
太極,タイ|キョク,タイ|キョク,태극
間島,マ|ジマ,マ|ジマ,간도
統合,トウ|ゴウ,トー|ゴー,통합
開発,カイ|ハツ,カイ|ハツ,개발
環境,カン|キョウ,カン|キョー,환경
原子力,ゲン|シ|リョク,ゲン|シ|リョク,원자력
東夷,トウ|イ,トー|イ,동이
魏,ギ,ギ,위
声調,セイ|チョウ,セイ|チョー,성조
基本,キ|ホン,キ|ホン,기본
母音,ボ|イン,ボ|イン,모음
構文,コウ|ブン,コー|ブン,구문
太陽,タイ|ヨウ,タイ|ヨー,태양
子音,シ|イン,シ|イン,자음
日本銀行,ニッ|ポン|ギン|コウ,ニッ|ポン|ギン|コー,일본은행
府,フ,フ,부
省,ショウ,ショー,성
形態素,ケイ|タイ|ソ,ケイ|タイ|ソ,형태소
格,カク,カク,격
東北高等学校,トウ|ホク|コウ|トウ|ガッ|コウ,トー|ホク|コー|トー|ガッ|コー,동북고등학교
仏国寺,ブッ|コク|デラ,ブッ|コク|デラ,불국사
全羅道,ゼン|ラ|ドウ,ゼン|ラ|ドー,전라도
帝国,テイ|コク,テイ|コク,제국
暗号,アン|ゴウ,アン|ゴー,암호
動物,ドウ|ブツ,ドー|ブツ,동물
詩篇,シ|ヘン,シ|ヘン,시편
圧力,アツ|リョク,アツ|リョク,압력
維新,イ|シン,イ|シン,유신
表意,ヒョウ|イ,ヒョー|イ,표의
圧縮,アッ|シュク,アッ|シュク,압축
恐竜,キョウ|リュウ,キョー|リュー,공룡
大学,ダイ|ガク,ダイ|ガク,대학
昆虫,コン|チュウ,コン|チュー,곤충
詩経,シ|キョウ,シ|キョー,시경
天然記念物,テン|ネン|キ|ネン|ブツ,テン|ネン|キ|ネン|ブツ,천연기념물
板門店,ハン|モン|テン,ハン|モン|テン,판문점
月曜日,ゲツ|ヨウ|ビ,ゲツ|ヨー|ビ,월요일
植物,ショク|ブツ,ショク|ブツ,식물
光合成,コウ|ゴウ|セイ,コー|ゴー|セイ,광합성
雑誌,ザッ|シ,ザッ|シ,잡지
封建,ホウ|ケン,ホー|ケン,봉건
効用,コウ|ヨウ,コー|ヨー,효용
選好,セン|コウ,セン|コー,선호
観客,カン|キャク,カン|キャク,관객
四季,シ|キ,シ|キ,사계
迷信,メイ|シン,メイ|シン,미신
民主党,ミン|シュ|トウ,ミン|シュ|トー,민주당
日記,ニッ|キ,ニッ|キ,일기
日曜日,ニチ|ヨウ|ビ,ニチ|ヨー|ビ,일요일
球技,キュウ|ギ,キュー|ギ,구기
天然痘,テン|ネン|トウ,テン|ネン|トー,천연두
電鍵,デン|ケン,デン|ケン,전건
定理,テイ|リ,テイ|リ,정리
症候群,ショウ|コウ|グン,ショー|コー|グン,증후군
看護,カン|ゴ,カン|ゴ,간호
農薬,ノウ|ヤク,ノー|ヤク,농약
中毒,チュウ|ドク,チュー|ドク,중독
単純,タン|ジュン,タン|ジュン,단순
骨折,コッ|セツ,コッ|セツ,골절
五台山,ゴ|ダイ|サン,ゴ|ダイ|サン,오대산
軌道,キ|ドウ,キ|ドー,궤도
帰依,キ|エ,キ|エ,귀의
脳炎,ノウ|エン,ノー|エン,뇌염
筋肉,キン|ニク,キン|ニク,근육
弥勒菩薩,ミ|ロク|ボ|サツ,ミ|ロク|ボ|サツ,미륵보살
三蔵,サン|ゾウ,サン|ゾー,삼장
解像度,カイ|ゾウ|ド,カイ|ゾー|ド,해상도
気胸,キ|キョウ,キ|キョー,기흉
親王,シン|ノウ,シン|ノー,친왕
使徒,シ|ト,シ|ト,사도
血圧,ケツ|アツ,ケツ|アツ,혈압
心不全,シン|フ|ゼン,シン|フ|ゼン,심부전
公理,コウ|リ,コー|リ,공리
観念論,カン|ネン|ロン,カン|ネン|ロン,관념론
共産党,キョウ|サン|トウ,キョー|サン|トー,공산당
宣言,セン|ゲン,セン|ゲン,선언
寒露,カン|ロ,カン|ロ,한로
光学,コウ|ガク,コー|ガク,광학
不整脈,フ|セイ|ミャク,フ|セイ|ミャク,부정맥
廃人,ハイ|ジン,ハイ|ジン,폐인
翻訳,ホン|ヤク,ホン|ヤク,번역
通訳,ツウ|ヤク,ツー|ヤク,통역
経済,ケイ|ザイ,ケイ|ザイ,경제
協力,キョウ|リョク,キョー|リョク,협력
地雷,ジ|ライ,ジ|ライ,지뢰
右翼,ウ|ヨク,ウ|ヨク,우익
左翼,サ|ヨク,サ|ヨク,좌익
携帯,ケイ|タイ,ケイ|タイ,휴대
電話,デン|ワ,デン|ワ,전화
無線,ム|セン,ム|セン,무선
写真,シャ|シン,シャ|シン,사진
大韓航空,ダイカン|コウ|ク|ウ,ダイカン|コー|ク|ー,대한항공
爆破,バク|ハ,バク|ハ,폭파
事件,ジ|ケン,ジ|ケン,사건
腹痛,ハラ|イタ,ハラ|イタ,복통
中央日報,チュウ|オウ|ニッ|ポウ,チュー|オー|ニッ|ポー,중앙일보
公国,コウ|コク,コー|コク,공국
科学,カ|ガク,カ|ガク,과학
文化,ブン|カ,ブン|カ,문화
会議,カイ|ギ,カイ|ギ,회의
分子生物学,ブン|シ|セイ|ブツ|ガク,ブン|シ|セイ|ブツ|ガク,분자생물학
詩人,シ|ジン,シ|ジン,시인
共鳴,キョウ|メイ,キョー|メイ,공명
金昌国,キン|ショウ|コク,キン|ショー|コク,김창국
王国,オウ|コク,オー|コク,왕국
胃炎,イ|エン,イ|エン,위염
複素数,フク|ソ|スウ,フク|ソ|スー,복소수
議会,ギ|カイ,ギ|カイ,의회
演繹,エン|エキ,エン|エキ,연역
人種,ジン|シュ,ジン|シュ,인종
定宗,サダ|ムネ,サダ|ムネ,정종
顕宗,ケン|ソウ,ケン|ソー,현종
元宗,モト|ムネ,モト|ムネ,원종
美少女,ビ|ショウ|ジョ,ビ|ショー|ジョ,미소녀
上陸,ジョウ|リク,ジョー|リク,상륙
作戦,サク|セン,サク|セン,작전
中国人,チュウ|ゴク|ジン,チュー|ゴク|ジン,중국인
表音,ヒョウ|オン,ヒョー|オン,표음
雨水,アマ|ミズ,アマ|ミズ,우수
角度,カク|ド,カク|ド,각도
体罰,タイ|バツ,タイ|バツ,체벌
湾,ワン,ワン,만
文化放送,ブン|カ|ホウ|ソウ,ブン|カ|ホー|ソー,문화방송
火曜日,カ|ヨウ|ビ,カ|ヨー|ビ,화요일
水曜日,スイ|ヨウ|ビ,スイ|ヨー|ビ,수요일
木曜日,モク|ヨウ|ビ,モク|ヨー|ビ,목요일
仮想,カ|ソウ,カ|ソー,가상
育成,イク|セイ,イク|セイ,육성
経営,ケイ|エイ,ケイ|エイ,경영
革命,カク|メイ,カク|メイ,혁명
真珠,シン|ジュ,シン|ジュ,진주
地質,チ|シツ,チ|シツ,지질
殿堂,デン|ドウ,デン|ドー,전당
死刑,シ|ケイ,シ|ケイ,사형
生命,セイ|メイ,セイ|メイ,생명
魚雷,ギョ|ライ,ギョ|ライ,어뢰
戦艦,セン|カン,セン|カン,전함
巡洋艦,ジュン|ヨウ|カン,ジュン|ヨー|カン,순양함
軍団,グン|ダン,グン|ダン,군단
加水,カ|スイ,カ|スイ,가수
分解,ブン|カイ,ブン|カイ,분해
細胞,サイ|ボウ,サイ|ボー,세포
複製,フク|セイ,フク|セイ,복제
核酸,カク|サン,カク|サン,핵산
酵素,コウ|ソ,コー|ソ,효소
発酵,ハッ|コウ,ハッ|コー,발효
抗原,コウ|ゲン,コー|ゲン,항원
抗体,コウ|タイ,コー|タイ,항체
十字軍,ジュウ|ジ|グン,ジュー|ジ|グン,십자군
炭水化物,タン|スイ|カ|ブツ,タン|スイ|カ|ブツ,탄수화물
異端,イ|タン,イ|タン,이단
十進法,ジッ|シン|ホウ,ジッ|シン|ホー,십진법
動的,ドウ|テキ,ドー|テキ,동적
騎兵,キ|ヘイ,キ|ヘイ,기병
結核,ケッ|カク,ケッ|カク,결핵
小数点,ショウ|スウ|テン,ショー|スー|テン,소수점
調音,チョウ|オン,チョー|オン,조음
方法,ホウ|ホウ,ホー|ホー,방법
染色,セン|ショク,セン|ショク,염색
音声,オン|セイ,オン|セイ,음성
記号,キ|ゴウ,キ|ゴー,기호
日本人,ニッ|ポン|ジン,ニッ|ポン|ジン,일본인
金宇中,キン|ウ|チュウ,キン|ウ|チュー,김우중
東南,トウ|ナン,トー|ナン,동남
方言,ホウ|ゲン,ホー|ゲン,방언
水銀,スイ|ギン,スイ|ギン,수은
国民党,コク|ミン|トウ,コク|ミン|トー,국민당
国共,コッ|キョウ,コッ|キョー,국공
合作,ガッ|サク,ガッ|サク,합작
避妊,ヒ|ニン,ヒ|ニン,피임
保健,ホ|ケン,ホ|ケン,보건
妊娠,ニン|シン,ニン|シン,임신
慣性,カン|セイ,カン|セイ,관성
南山,ミナミ|ヤマ,ミナミ|ヤマ,남산
空襲,クウ|シュウ,クー|シュー,공습
約数,ヤク|スウ,ヤク|スー,약수
同性愛,ドウ|セイ|アイ,ドー|セイ|アイ,동성애
自由,ジ|ユウ,ジ|ユー,자유
相対,ソウ|タイ,ソー|タイ,상대
冬季,トウ|キ,トー|キ,동계
地方,チ|ホウ,チ|ホー,지방
戊子,ボ|シ,ボ|シ,무자
甲子,キノエ|ネ,キノエ|ネ,갑자
乙未,オト|ミ,オト|ミ,을미
庚午,コウ|ゴ,コー|ゴ,경오
丙午,ヒノエ|ウマ,ヒノエ|ウマ,병오
丁未,テイ|ミ,テイ|ミ,정미
庚申,コウ|シン,コー|シン,경신
大陸,タイ|リク,タイ|リク,대륙
円運動,エン|ウン|ドウ,エン|ウン|ドー,원운동
十戒,ジッ|カイ,ジッ|カイ,십계
運河,ウン|ガ,ウン|ガ,운하
夏至,ゲ|シ,ゲ|シ,하지
認識,ニン|シキ,ニン|シキ,인식
白血球,ハッ|ケッ|キュウ,ハッ|ケッ|キュー,백혈구
冬至,トウ|ジ,トー|ジ,동지
小寒,ショウ|カン,ショー|カン,소한
小満,ショウ|マン,ショー|マン,소만
大寒,ダイ|カン,ダイ|カン,대한
最大公約数,サイ|ダイ|コウ|ヤク|スウ,サイ|ダイ|コー|ヤク|スー,최대공약수
最小公倍数,サイ|ショウ|コウ|バイ|スウ,サイ|ショー|コー|バイ|スー,최소공배수
印刷,イン|サツ,イン|サツ,인쇄
調和,チョウ|ワ,チョー|ワ,조화
法,ホウ,ホー,법
計算,ケイ|サン,ケイ|サン,계산
春分,シュン|ブン,シュン|ブン,춘분
秋分,シュウ|ブン,シュー|ブン,추분
霜降,ソウ|コウ,ソー|コー,상강
揚力,ヨウ|リョク,ヨー|リョク,양력
大雪,オオ|ユキ,オー|ユキ,대설
音素,オン|ソ,オン|ソ,음소
投機,トウ|キ,トー|キ,투기
認証,ニン|ショウ,ニン|ショー,인증
数値,スウ|チ,スー|チ,수치
解析,カイ|セキ,カイ|セキ,해석
生物,セイ|ブツ,セイ|ブツ,생물
摩擦音,マ|サツ|オン,マ|サツ|オン,마찰음
黄銅,コウ|ドウ,コー|ドー,황동
米州,ベイ|シュウ,ベイ|シュー,미주
音楽家,オン|ガク|カ,オン|ガク|カ,음악가
重力,ジュウ|リョク,ジュー|リョク,중력
宇宙,ウ|チュウ,ウ|チュー,우주
陽電子,ヨウ|デン|シ,ヨー|デン|シ,양전자
二進法,ニ|シン|ホウ,ニ|シン|ホー,이진법
中間子,チュウ|カン|シ,チュー|カン|シ,중간자
重水素,ジュウ|スイ|ソ,ジュー|スイ|ソ,중수소
趣味,シュ|ミ,シュ|ミ,취미
兄弟,キョウ|ダイ,キョー|ダイ,형제
環礁,カン|ショウ,カン|ショー,환초
半母音,ハン|ボ|イン,ハン|ボ|イン,반모음
作品,サク|ヒン,サク|ヒン,작품
番号,バン|ゴウ,バン|ゴー,번호
分解能,ブン|カイ|ノウ,ブン|カイ|ノー,분해능
記憶,キ|オク,キ|オク,기억
装置,ソウ|チ,ソー|チ,장치
火刑,カ|ケイ,カ|ケイ,화형
冥王星,メイ|オウ|セイ,メイ|オー|セイ,명왕성
短波,タン|パ,タン|パ,단파
仲裁,チュウ|サイ,チュー|サイ,중재
山,サン,サン,산
歯音,シ|オン,シ|オン,치음
五音,ゴ|イン,ゴ|イン,오음
憲法,ケン|ポウ,ケン|ポー,헌법
中波,チュウ|ハ,チュー|ハ,중파
函数,カン|スウ,カン|スー,함수
無限,ム|ゲン,ム|ゲン,무한
張力,チョウ|リョク,チョー|リョク,장력
真空,シン|クウ,シン|クー,진공
枢機卿,スウ|キ|キョウ,スー|キ|キョー,추기경
宮殿,キュウ|デン,キュー|デン,궁전
有声音,ユウ|セイ|オン,ユー|セイ|オン,유성음
無声音,ム|セイ|オン,ム|セイ|オン,무성음
八卦,ハッ|ケ,ハッ|ケ,팔괘
国歌,コッ|カ,コッ|カ,국가
分布,ブン|プ,ブン|プ,분포
錦江,キン|コウ,キン|コー,금강
絶対,ゼッ|タイ,ゼッ|タイ,절대
等級,トウ|キュウ,トー|キュー,등급
光年,コウ|ネン,コー|ネン,광년
国家,コッ|カ,コッ|カ,국가
石油,セキ|ユ,セキ|ユ,석유
群馬,グン|マ,グン|マ,군마
長音階,チョウ|オン|カイ,チョー|オン|カイ,장음계
短音階,タン|オン|カイ,タン|オン|カイ,단음계
和音,ワ|オン,ワ|オン,화음
競技,キョウ|ギ,キョー|ギ,경기
声楽,セイ|ガク,セイ|ガク,성악
半導体,ハン|ドウ|タイ,ハン|ドー|タイ,반도체
鍵盤,ケン|バン,ケン|バン,건반
火成岩,カ|セイ|ガン,カ|セイ|ガン,화성암
花崗岩,カ|コウ|ガン,カ|コー|ガン,화강암
安山岩,アン|ザン|ガン,アン|ザン|ガン,안산암
玄武岩,ゲン|ブ|ガン,ゲン|ブ|ガン,현무암
石炭,セキ|タン,セキ|タン,석탄
三角形,サン|カッ|ケイ,サン|カッ|ケイ,삼각형
振動,シン|ドウ,シン|ドー,진동
朝鮮人民軍,チョウ|セン|ジン|ミン|グン,チョー|セン|ジン|ミン|グン,조선인민군
研究所,ケン|キュウ|ジョ,ケン|キュー|ジョ,연구소
栄養素,エイ|ヨウ|ソ,エイ|ヨー|ソ,영양소
崩壊,ホウ|カイ,ホー|カイ,붕괴
満州,マン|シュウ,マン|シュー,만주
波長,ハ|チョウ,ハ|チョー,파장
保全,ホ|ゼン,ホ|ゼン,보전
航空,コウ|クウ,コー|クー,항공
運送,ウン|ソウ,ウン|ソー,운송
電池,デン|チ,デン|チ,전지
中学校,チュウ|ガッ|コウ,チュー|ガッ|コー,중학교
学校,ガッ|コウ,ガッ|コー,학교
線分,セン|ブン,セン|ブン,선분
直線,チョク|セン,チョク|セン,직선
首相,シュ|ショウ,シュ|ショー,수상
柔道,ジュウ|ドウ,ジュー|ドー,유도
総理,ソウ|リ,ソー|リ,총리
式,シキ,シキ,식
私鉄,シ|テツ,シ|テツ,사철
中性子,チュウ|セイ|シ,チュー|セイ|シ,중성자
作家,サッ|カ,サッ|カ,작가
傀儡,カイ|ライ,カイ|ライ,괴뢰
政権,セイ|ケン,セイ|ケン,정권
民間,ミン|カン,ミン|カン,민간
航空機,コウ|クウ|キ,コー|クー|キ,항공기
世紀,セイ|キ,セイ|キ,세기
電車,デン|シャ,デン|シャ,전차
寓話,グウ|ワ,グー|ワ,우화
宣戦,セン|セン,セン|セン,선전
布告,フ|コク,フ|コク,포고
熱容量,ネツ|ヨウ|リョウ,ネツ|ヨー|リョー,열용량
知識,チ|シキ,チ|シキ,지식
排中律,ハイ|チュウ|リツ,ハイ|チュー|リツ,배중률
人魚,ニン|ギョ,ニン|ギョ,인어
三星,ミツ|ボシ,ミツ|ボシ,삼성
触媒,ショク|バイ,ショク|バイ,촉매
反応,ハン|ノウ,ハン|ノー,반응
華氏,カ|シ,カ|シ,화씨
元素,ゲン|ソ,ゲン|ソ,원소
室温,シツ|オン,シツ|オン,실온
宮,ミヤ,ミヤ,궁
検査,ケン|サ,ケン|サ,검사
月刊,ゲッ|カン,ゲッ|カン,월간
時間,ジ|カン,ジ|カン,시간
十二支,ジュウ|ニ|シ,ジュー|ニ|シ,십이지
楕円,ダ|エン,ダ|エン,타원
総会,ソウ|カイ,ソー|カイ,총회
可算,カ|サン,カ|サン,가산
湖,コ,コ,호
美術館,ビ|ジュツ|カン,ビ|ジュツ|カン,미술관
平壌,ピョン|ヤン,ピョン|ヤン,평양
塩酸,エン|サン,エン|サン,염산
塩化,エン|カ,エン|カ,염화
塩,シオ,シオ,염
塩基,エン|キ,エン|キ,염기
先史,セン|シ,セン|シ,선사
中東,チュウ|トウ,チュー|トー,중동
弁護士,ベン|ゴ|シ,ベン|ゴ|シ,변호사
芸術,ゲイ|ジュツ,ゲイ|ジュツ,예술
族,ゾク,ゾク,족
戦車,セン|シャ,セン|シャ,전차
文明,ブン|メイ,ブン|メイ,문명
極東,キョク|トウ,キョク|トー,극동
南半球,ミナミ|ハン|キュウ,ミナミ|ハン|キュー,남반구
北半球,キタ|ハン|キュウ,キタ|ハン|キュー,북반구
高分子,コウ|ブン|シ,コー|ブン|シ,고분자
撃墜,ゲキ|ツイ,ゲキ|ツイ,격추
洪秀全,コウ|シュウ|ゼン,コー|シュー|ゼン,홍수전
中共,チュウ|キョウ,チュー|キョー,중공
気体,キ|タイ,キ|タイ,기체
直流,チョク|リュウ,チョク|リュー,직류
豆乳,トウ|ニュウ,トー|ニュー,두유
度量衡,ド|リョウ|コウ,ド|リョー|コー,도량형
振幅,シン|プク,シン|プク,진폭
変調,ヘン|チョウ,ヘン|チョー,변조
斗山,ト|サン,ト|サン,두산
次元,ジ|ゲン,ジ|ゲン,차원
地下鉄,チ|カ|テツ,チ|カ|テツ,지하철
砂漠,サ|バク,サ|バク,사막
大洋,タイ|ヨウ,タイ|ヨー,대양
液体,エキ|タイ,エキ|タイ,액체
固体,コ|タイ,コ|タイ,고체
軽油,ケイ|ユ,ケイ|ユ,경유
夏季,カ|キ,カ|キ,하계
豆満江,トウ|マン|コウ,トー|マン|コー,두만강
乳香,ニュウ|コウ,ニュー|コー,유향
産褥,サン|ジョク,サン|ジョク,산욕
集団,シュウ|ダン,シュー|ダン,집단
奉天,ホウ|テン,ホー|テン,봉천
妖怪,ヨウ|カイ,ヨー|カイ,요괴
永久,エイ|キュウ,エイ|キュー,영구
欠番,ケツ|バン,ケツ|バン,결번
完全,カン|ゼン,カン|ゼン,완전
黄善洪,オウ|ゼン|コウ,オー|ゼン|コー,황선홍
水原,ミズ|ハラ,ミズ|ハラ,수원
洪明甫,コウ|メイ|ホ,コー|メイ|ホ,홍명보
孫悟空,ソン|ゴク|ウ,ソン|ゴク|ー,손오공
入声,ニッ|ショウ,ニッ|ショー,입성
華僑,カ|キョウ,カ|キョー,화교
顕微鏡,ケン|ビ|キョウ,ケン|ビ|キョー,현미경
庁,チョウ,チョー,청
塔,トウ,トー,탑
金桂元,キン|チュウ|ゲン,キン|チュー|ゲン,김계원
密度,ミツ|ド,ミツ|ド,밀도
代数,ダイ|スウ,ダイ|スー,대수
村,ムラ,ムラ,촌
事故,ジ|コ,ジ|コ,사고
窒素,チッ|ソ,チッ|ソ,질소
現代,ゲン|ダイ,ゲン|ダイ,현대
北極,ホッ|キョク,ホッ|キョク,북극
人口,ジン|コウ,ジン|コー,인구
通貨,ツウ|カ,ツー|カ,통화
賞,ショウ,ショー,상
自由民主党,ジ|ユウ|ミン|シュ|トウ,ジ|ユー|ミン|シュ|トー,자유민주당
軍事,グン|ジ,グン|ジ,군사
裁判,サイ|バン,サイ|バン,재판
黄道,コウ|ドウ,コー|ドー,황도
食虫植物,ショク|チュウ|ショク|ブツ,ショク|チュー|ショク|ブツ,식충식물
音速,オン|ソク,オン|ソク,음속
三角州,サン|カク|ス,サン|カク|ス,삼각주
検出,ケン|シュツ,ケン|シュツ,검출
訂正,テイ|セイ,テイ|セイ,정정
距離,キョ|リ,キョ|リ,거리
菌,キン,キン,균
長江,ナガ|エ,ナガ|エ,장강
回文,カイ|ブン,カイ|ブン,회문
曜日,ヨウ|ビ,ヨー|ビ,요일
匈奴,キョウ|ド,キョー|ド,흉노
符号,フ|ゴウ,フ|ゴー,부호
聖地,セイ|チ,セイ|チ,성지
弾劾,ダン|ガイ,ダン|ガイ,탄핵
長安,ナガ|ヤス,ナガ|ヤス,장안
延亨黙,ヨン|ヒョン|ムク,ヨン|ヒョン|ムク,연형묵
国境,コッ|キョウ,コッ|キョー,국경
地形,チ|ケイ,チ|ケイ,지형
要塞,ヨウ|サイ,ヨー|サイ,요새
国立,コク|リツ,コク|リツ,국립
毎,ゴト,ゴト,매
高速,コウ|ソク,コー|ソク,고속
気候,キ|コウ,キ|コー,기후
熱帯,ネッ|タイ,ネッ|タイ,열대
温帯,オン|タイ,オン|タイ,온대
軟体動物,ナン|タイ|ドウ|ブツ,ナン|タイ|ドー|ブツ,연체동물
多面体,タ|メン|タイ,タ|メン|タイ,다면체
法則,ホウ|ソク,ホー|ソク,법칙
盆地,ボン|チ,ボン|チ,분지
鉛筆,エン|ピツ,エン|ピツ,연필
国語,コク|ゴ,コク|ゴ,국어
韓明淑,カン|ミン|シュク,カン|ミン|シュク,한명숙
銀河,ギン|ガ,ギン|ガ,은하
音楽,オン|ガク,オン|ガク,음악
新生代,シン|セイ|ダイ,シン|セイ|ダイ,신생대
継続,ケイ|ゾク,ケイ|ゾク,계속
侵攻,シン|コウ,シン|コー,침공
駅,エキ,エキ,역
白夜,ビャク|ヤ,ビャク|ヤ,백야
速球,ソッ|キュウ,ソッ|キュー,속구
学会,ガッ|カイ,ガッ|カイ,학회
改革,カイ|カク,カイ|カク,개혁
小銃,ショウ|ジュウ,ショー|ジュー,소총
血漿,ケッ|ショウ,ケッ|ショー,혈장
太陽暦,タイ|ヨウ|レキ,タイ|ヨー|レキ,태양력
銀行,ギン|コウ,ギン|コー,은행
形式,ケイ|シキ,ケイ|シキ,형식
黄河,コウ|ガ,コー|ガ,황하
軍艦,グン|カン,グン|カン,군함
石英,セキ|エイ,セキ|エイ,석영
韓昇洙,カン|ショウ|ジュ,カン|ショー|ジュ,한승수
金在杰,キン|ザイ|モク,キン|ザイ|モク,김재걸
火山,カ|ザン,カ|ザン,화산
群島,グン|トウ,グン|トー,군도
租庸調,ソ|ヨウ|チョウ,ソ|ヨー|チョー,조용조
空港,クウ|コウ,クー|コー,공항
格差,カク|サ,カク|サ,격차
金一,キン|イチ,キン|イチ,김일
商法,ショウ|ホウ,ショー|ホー,상법
接合,セツ|ゴウ,セツ|ゴー,접합
株式,カブ|シキ,カブ|シキ,주식
済州国際空港,サイ|シュウ|コク|サイ|クウ|コウ,サイ|シュー|コク|サイ|クー|コー,제주국제공항
抽出,チュウ|シュツ,チュー|シュツ,추출
扇状地,セン|ジョウ|チ,セン|ジョー|チ,선상지
平野,ヘイ|ヤ,ヘイ|ヤ,평야
槍,ヤリ,ヤリ,창
泰山,タイ|ザン,タイ|ザン,태산
位相,イ|ソウ,イ|ソー,위상
合意,ゴウ|イ,ゴー|イ,합의
指向,シ|コウ,シ|コー,지향
州立,シュウ|リツ,シュー|リツ,주립
長石,チョウ|セキ,チョー|セキ,장석
水族館,スイ|ゾク|カン,スイ|ゾク|カン,수족관
空軍,クウ|グン,クー|グン,공군
国旗,コッ|キ,コッ|キ,국기
板橋,イタ|バシ,イタ|バシ,판교
南極,ナン|キョク,ナン|キョク,남극
広場,ヒロ|バ,ヒロ|バ,광장
天安門,テン|アン|モン,テン|アン|モン,천안문
安陽,アン|ヨウ,アン|ヨー,안양
金亨稷,キン|キョウ|ショク,キン|キョー|ショク,김형직
地峡,チ|キョウ,チ|キョー,지협
大田,オオ|タ,オー|タ,대전
大邱,タイ|キュウ,タイ|キュー,대구
拳銃,ケン|ジュウ,ケン|ジュー,권총
中生代,チュウ|セイ|ダイ,チュー|セイ|ダイ,중생대
十字,ジュウ|ジ,ジュー|ジ,십자
記述,キ|ジュツ,キ|ジュツ,기술
城南,ジョウ|ナン,ジョー|ナン,성남
超新星,チョウ|シン|セイ,チョー|シン|セイ,초신성
金永南,キン|エイ|ナン,キン|エイ|ナン,김영남
人権,ジン|ケン,ジン|ケン,인권
口訣,ク|ケツ,ク|ケツ,구결
制憲,セイ|ケン,セイ|ケン,제헌
限界,ゲン|カイ,ゲン|カイ,한계
貿易,ボウ|エキ,ボー|エキ,무역
早期,ソウ|キ,ソー|キ,조기
警報,ケイ|ホウ,ケイ|ホー,경보
平衡,ヘイ|コウ,ヘイ|コー,평형
毒,ドク,ドク,독
空中,クウ|チュウ,クー|チュー,공중
給油,キュウ|ユ,キュー|ユ,급유
聴診,チョウ|シン,チョー|シン,청진
点,テン,テン,점
金玉淑,キン|ギョク|ヨシ,キン|ギョク|ヨシ,김옥숙
樹脂,ジュ|シ,ジュ|シ,수지
一眼,イチ|ガン,イチ|ガン,일안
自動車,ジ|ドウ|シャ,ジ|ドー|シャ,자동차
孔雀石,ク|ジャク|セキ,ク|ジャク|セキ,공작석
周波数,シュウ|ハ|スウ,シュー|ハ|スー,주파수
信号,シン|ゴウ,シン|ゴー,신호
分隊,ブン|タイ,ブン|タイ,분대
公転,コウ|テン,コー|テン,공전
周期,シュウ|キ,シュー|キ,주기
捕獲,ホ|カク,ホ|カク,포획
転換,テン|カン,テン|カン,전환
北極星,ホッ|キョク|セイ,ホッ|キョク|セイ,북극성
禁止,キン|シ,キン|シ,금지
素数,ソ|スウ,ソ|スー,소수
放出,ホウ|シュツ,ホー|シュツ,방출
付随,フ|ズイ,フ|ズイ,부수
閉鎖,ヘイ|サ,ヘイ|サ,폐쇄
雲母,ウン|モ,ウン|モ,운모
自発,ジ|ハツ,ジ|ハツ,자발
新聞,シン|ブン,シン|ブン,신문
金聖愛,キン|セイ|アイ,キン|セイ|アイ,김성애
自治,ジ|チ,ジ|チ,자치
国民,コク|ミン,コク|ミン,국민
政体,セイ|タイ,セイ|タイ,정체
氷山,ヒョウ|ザン,ヒョー|ザン,빙산
古生代,コ|セイ|ダイ,コ|セイ|ダイ,고생대
素因数,ソ|イン|スウ,ソ|イン|スー,소인수
失業,シツ|ギョウ,シツ|ギョー,실업
美少年,ビ|ショウ|ネン,ビ|ショー|ネン,미소년
性的,セイ|テキ,セイ|テキ,성적
音律,オン|リツ,オン|リツ,음률
棘皮動物,キョク|ヒ|ドウ|ブツ,キョク|ヒ|ドー|ブツ,극피동물
差別,サ|ベツ,サ|ベツ,차별
電報,デン|ポウ,デン|ポー,전보
大戦,タイ|セン,タイ|セン,대전
薔薇,バラ|,バラ|,장미
独裁,ドク|サイ,ドク|サイ,독재
古典,コ|テン,コ|テン,고전
工兵,コウ|ヘイ,コー|ヘイ,공병
農場,ノウ|ジョウ,ノー|ジョー,농장
中央,チュウ|オウ,チュー|オー,중앙
高原,コウ|ゲン,コー|ゲン,고원
中京,チュウ|キョウ,チュー|キョー,중경
豆腐,トウ|フ,トー|フ,두부
定常波,テイ|ジョウ|ハ,テイ|ジョー|ハ,정상파
城,ジョウ,ジョー,성
農業党,ノウ|ギョウ|トウ,ノー|ギョー|トー,농업당
無人島,ム|ジン|トウ,ム|ジン|トー,무인도
誤差,ゴ|サ,ゴ|サ,오차
界面,カイ|メン,カイ|メン,계면
断食,ダン|ジキ,ダン|ジキ,단식
地震,ジ|シン,ジ|シン,지진
同素体,ドウ|ソ|タイ,ドー|ソ|タイ,동소체
鉱物,コウ|ブツ,コー|ブツ,광물
手話,シュ|ワ,シュ|ワ,수화
点字,テン|ジ,テン|ジ,점자
鉱石,コウ|セキ,コー|セキ,광석
人間,ニン|ゲン,ニン|ゲン,인간
柔術,ジュウ|ジュツ,ジュー|ジュツ,유술
体育,タイ|イク,タイ|イク,체육
主席,シュ|セキ,シュ|セキ,주석
単記,タン|キ,タン|キ,단기
爆弾,バク|ダン,バク|ダン,폭탄
証明,ショウ|メイ,ショー|メイ,증명
白人,ハク|ジン,ハク|ジン,백인
弁証法,ベン|ショウ|ホウ,ベン|ショー|ホー,변증법
変奏曲,ヘン|ソウ|キョク,ヘン|ソー|キョク,변주곡
済州,サイ|シュウ,サイ|シュー,제주
補助,ホ|ジョ,ホ|ジョ,보조
動力,ドウ|リョク,ドー|リョク,동력
射撃,シャ|ゲキ,シャ|ゲキ,사격
変態,ヘン|タイ,ヘン|タイ,변태
温泉,オン|セン,オン|セン,온천
西部,セイ|ブ,セイ|ブ,서부
戦線,セン|セン,セン|セン,전선
異状,イ|ジョウ,イ|ジョー,이상
機械,キ|カイ,キ|カイ,기계
病院,ビョウ|イン,ビョー|イン,병원
医療,イ|リョウ,イ|リョー,의료
郡,グン,グン,군
抽象,チュウ|ショウ,チュー|ショー,추상
遊撃手,ユウ|ゲキ|シュ,ユー|ゲキ|シュ,유격수
亜鉛,ア|エン,ア|エン,아연
銀,ギン,ギン,은
伊勢,イ|セ,イ|セ,이세
自閉症,ジ|ヘイ|ショウ,ジ|ヘイ|ショー,자폐증
回線,カイ|セン,カイ|セン,회선
交換,コウ|カン,コー|カン,교환
分散,ブン|サン,ブン|サン,분산
地区,チ|ク,チ|ク,지구
握手,アク|シュ,アク|シュ,악수
解放,カイ|ホウ,カイ|ホー,해방
飛行船,ヒ|コウ|セン,ヒ|コウ|セン,비행선
馬謖,バ|ショク,バ|ショク,마속
鞍山,アン|ザン,アン|ザン,안산
独立,ドク|リツ,ドク|リツ,독립
行進曲,コウ|シン|キョク,コー|シン|キョク,행진곡
鉄道,テツ|ドウ,テツ|ドー,철도
韓非子,カン|ピ|シ,カン|ピ|シ,한비자
思考,シ|コウ,シ|コー,사고
実験,ジッ|ケン,ジッ|ケン,실험
契約,ケイ|ヤク,ケイ|ヤク,계약
紫外線,シ|ガイ|セン,シ|ガイ|セン,자외선
主権,シュ|ケン,シュ|ケン,주권
王水,オウ|スイ,オー|スイ,왕수
制御,セイ|ギョ,セイ|ギョ,제어
重水,ジュウ|スイ,ジュー|スイ,중수
人工,ジン|コウ,ジン|コー,인공
標準軌,ヒョウ|ジュン|キ,ヒョー|ジュン|キ,표준궤
狭軌,キョウ|キ,キョー|キ,협궤
軌間,キ|カン,キ|カン,궤간
広軌,コウ|キ,コー|キ,광궤
炭化,タン|カ,タン|カ,탄화
南北,ナン|ボク,ナン|ボク,남북
黄永祚,ファン|ヨン|ジュ,ファン|ヨン|ジュ,황영조
丘陵,キュウ|リョウ,キュー|リョー,구릉
幾何,キ|カ,キ|カ,기하
平均,ヘイ|キン,ヘイ|キン,평균
決議,ケツ|ギ,ケツ|ギ,결의
観音寺,カン|ノン|ジ,カン|ノン|ジ,관음사
年,トシ,トシ,년
標準時,ヒョウ|ジュン|ジ,ヒョー|ジュン|ジ,표준시
引用,イン|ヨウ,イン|ヨー,인용
聖母,セイ|ボ,セイ|ボ,성모
金復東,キン|フク|トウ,キン|フク|トー,김복동
偏西風,ヘン|セイ|フウ,ヘン|セイ|フー,편서풍
紅,ベニ,ベニ,홍
感覚,カン|カク,カン|カク,감각
肥満,ヒ|マン,ヒ|マン,비만
盟,メイ,メイ,맹
極限,キョク|ゲン,キョク|ゲン,극한
大院君,タイイン|ク|ン,タイイン|ク|ン,대원군
学派,ガク|ハ,ガク|ハ,학파
椅子,イ|ス,イ|ス,의자
蜂起,ホウ|キ,ホー|キ,봉기
学閥,ガク|バツ,ガク|バツ,학벌
山武,サン|ブ,サン|ブ,산무
電圧,デン|アツ,デン|アツ,전압
支庁,シ|チョウ,シ|チョー,지청
結合,ケツ|ゴウ,ケツ|ゴー,결합
工業,コウ|ギョウ,コー|ギョー,공업
学級,ガッ|キュウ,ガッ|キュー,학급
万葉集,マン|ヨウ|シュウ,マン|ヨー|シュー,만엽집
命題,メイ|ダイ,メイ|ダイ,명제
禁書,キン|ショ,キン|ショ,금서
外交,ガイ|コウ,ガイ|コー,외교
演算,エン|ザン,エン|ザン,연산
脂肪,シ|ボウ,シ|ボー,지방
原論,ゲン|ロン,ゲン|ロン,원론
水路,スイ|ロ,スイ|ロ,수로
武装,ブ|ソウ,ブ|ソー,무장
刑事,ケイ|ジ,ケイ|ジ,형사
裁判所,サイ|バン|ショ,サイ|バン|ショ,재판소
選択,セン|タク,セン|タク,선택
橋,キョウ,キョー,교
想像,ソウ|ゾウ,ソー|ゾー,상상
橋脚,キョウ|キャク,キョー|キャク,교각
兵曹,ヘイ|ソウ,ヘイ|ソー,병조
焚書坑儒,フン|ショ|コウ|ジュ,フン|ショ|コー|ジュ,분서갱유
砲兵,ホウ|ヘイ,ホー|ヘイ,포병
血友病,ケツ|ユウ|ビョウ,ケツ|ユー|ビョー,혈우병
栄養失調,エイ|ヨウ|シッ|チョウ,エイ|ヨー|シッ|チョー,영양실조
富川,トミ|カワ,トミ|カワ,부천
酸素,サン|ソ,サン|ソ,산소
韓国日報,カン|コク|ニッ|ポウ,カン|コク|ニッ|ポー,한국일보
侵入,シン|ニュウ,シン|ニュー,침입
紛争,フン|ソウ,フン|ソー,분쟁
私立,シ|リツ,シ|リツ,사립
金久美子,キム|ク|ミ|コ,キム|ク|ミ|コ,김구미자
砂岩,シャ|ガン,シャ|ガン,사암
移民,イ|ミン,イ|ミン,이민
朋党,ホウ|トウ,ホー|トー,붕당
西人,セイ|ジン,セイ|ジン,서인
王,オウ,オー,왕
伴,バン,バン,반
剣道,ケン|ドウ,ケン|ドー,검도
主成分,シュ|セイ|ブン,シュ|セイ|ブン,주성분
分析,ブン|セキ,ブン|セキ,분석
宦官,カン|ガン,カン|ガン,환관
貧血,ヒン|ケツ,ヒン|ケツ,빈혈
曹渓寺,ソウ|ケイ|ジ,ソー|ケイ|ジ,조계사
暴動,ボウ|ドウ,ボー|ドー,폭동
市営,シ|エイ,シ|エイ,시영
黒人,コク|ジン,コク|ジン,흑인
液晶,エキ|ショウ,エキ|ショー,액정
独立新聞,ドク|リツ|シン|ブン,ドク|リツ|シン|ブン,독립신문
競売,キョウ|バイ,キョー|バイ,경매
鉱業,コウ|ギョウ,コー|ギョー,광업
舞曲,ブ|キョク,ブ|キョク,무곡
多重,タ|ジュウ,タ|ジュウ,다중
放送,ホウ|ソウ,ホー|ソー,방송
射手,シャ|シュ,シャ|シュ,사수
南米,ナン|ベイ,ナン|ベイ,남미
種子,シュ|シ,シュ|シ,종자
貯蔵庫,チョ|ゾウ|コ,チョ|ゾー|コ,저장고
危機,キ|キ,キ|キ,위기
押韻,オウ|イン,オー|イン,압운
食中毒,ショク|チュウ|ドク,ショク|チュー|ドク,식중독
発射,ハッ|シャ,ハッ|シャ,발사
民主革命党,ミン|シュ|カク|メイ|トウ,ミン|シュ|カク|メイ|トー,민주혁명당
巡礼,ジュン|レイ,ジュン|レイ,순례
転送,テン|ソウ,テン|ソー,전송
文法,ブン|ポウ,ブン|ポー,문법
医学,イ|ガク,イ|ガク,의학
天王星,テン|オウ|セイ,テン|オー|セイ,천왕성
法王,ホウ|オウ,ホー|オー,법왕
反乱,ハン|ラン,ハン|ラン,반란
夫人,フ|ジン,フ|ジン,부인
増幅,ゾウ|フク,ゾー|フク,증폭
民主,ミン|シュ,ミン|シュ,민주
鼻濁音,ビ|ダク|オン,ビ|ダク|オン,비탁음
三角,サン|カク,サン|カク,삼각
乾燥,カン|ソウ,カン|ソー,건조
白石,シラ|イシ,シラ|イシ,백석
鋼,コウ,コー,강
陰陽,イン|ヨウ,イン|ヨー,음양
分割,ブン|カツ,ブン|カツ,분할
関東軍,カン|トウ|グン,カン|トー|グン,관동군
軽自動車,ケイ|ジ|ドウ|シャ,ケイ|ジ|ドー|シャ,경자동차
世代,セ|ダイ,セ|ダイ,세대
愛国,アイ|コク,アイ|コク,애국
同盟,ドウ|メイ,ドー|メイ,동맹
東方,トウ|ホウ,トー|ホー,동방
正規,セイ|キ,セイ|キ,정규
道路,ドウ|ロ,ドー|ロ,도로
南洋,ナン|ヨウ,ナン|ヨー,남양
安息日,アン|ソク|ビ,アン|ソク|ビ,안식일
全日本空輸,ゼン|ニホン|ク|ウ|ユ,ゼン|ニホン|ク|ー|ユ,전일본공수
怪物,カイ|ブツ,カイ|ブツ,괴물
五十音,ゴ|ジュウ|オン,ゴ|ジュー|オン,오십음
国営,コク|エイ,コク|エイ,국영
十字架,ジュウ|ジ|カ,ジュー|ジ|カ,십자가
合同,ゴウ|ドウ,ゴー|ドー,합동
里,サト,サト,리
地獄,ジ|ゴク,ジ|ゴク,지옥
人民日報,ジン|ミン|ニッ|ポウ,ジン|ミン|ニッ|ポー,인민일보
上代,ジョウ|ダイ,ジョー|ダイ,상대
体制,タイ|セイ,タイ|セイ,체제
司祭,シ|サイ,シ|サイ,사제
比,ヒ,ヒ,비
修道院,シュウ|ドウ|イン,シュー|ドー|イン,수도원
試行,シ|コウ,シ|コー,시행
短期大学,タン|キ|ダイ|ガク,タン|キ|ダイ|ガク,단기대학
脂肪酸,シ|ボウ|サン,シ|ボー|サン,지방산
静止,セイ|シ,セイ|シ,정지
参照,サン|ショウ,サン|ショー,참조
飛行場,ヒ|コウ|ジョウ,ヒ|コー|ジョー,비행장
天文台,テン|モン|ダイ,テン|モン|ダイ,천문대
部首,ブ|シュ,ブ|シュ,부수
文,ブン,ブン,문
絞首刑,コウ|シュ|ケイ,コー|シュ|ケイ,교수형
四捨五入,シ|シャ|ゴ|ニュウ,シ|シャ|ゴ|ニュー,사사오입
改憲,カイ|ケン,カイ|ケン,개헌
馬力,バ|リキ,バ|リキ,마력
対立,タイ|リツ,タイ|リツ,대립
自由党,ジ|ユウ|トウ,ジ|ユー|トー,자유당
複写,フク|シャ,フク|シャ,복사
平面,ヘイ|メン,ヘイ|メン,평면
代理,ダイ|リ,ダイ|リ,대리
商業,ショウ|ギョウ,ショー|ギョー,상업
時効,ジ|コウ,ジ|コー,시효
薬師如来,ヤク|シ|ニョ|ライ,ヤク|シ|ニョ|ライ,약사여래
地図,チ|ズ,チ|ズ,지도
界,サカイ,サカイ,계
識別子,シキ|ベツ|シ,シキ|ベツ|シ,식별자
博物館,ハク|ブツ|カン,ハク|ブツ|カン,박물관
科料,カ|リョウ,カ|リョー,과료
選挙,セン|キョ,セン|キョ,선거
推力,スイ|リョク,スイ|リョク,추력
家畜,カ|チク,カ|チク,가축
経度,ケイ|ド,ケイ|ド,경도
緯度,イ|ド,イ|ド,위도
雑種,ザッ|シュ,ザッ|シュ,잡종
日本航空,ニホン|コウ|ク|ウ,ニホン|コー|ク|ー,일본항공
変身,ヘン|シン,ヘン|シン,변신
混血,コン|ケツ,コン|ケツ,혼혈
職業,ショク|ギョウ,ショク|ギョー,직업
男性,ダン|セイ,ダン|セイ,남성
公式,コウ|シキ,コー|シキ,공식
星雲,セイ|ウン,セイ|ウン,성운
炭酸,タン|サン,タン|サン,탄산
対角線,タイ|カク|セン,タイ|カク|セン,대각선
平行四辺形,ヘイ|コウ|シ|ヘン|ケイ,ヘイ|コー|シ|ヘン|ケイ,평행사변형
号,ゴウ,ゴー,호
電信,デン|シン,デン|シン,전신
線,セン,セン,선
鳳凰,ホウ|オウ,ホー|オー,봉황
洗礼,セン|レイ,セン|レイ,세례
潮汐,チョウ|セキ,チョー|セキ,조석
動脈,ドウ|ミャク,ドー|ミャク,동맥
大動脈,ダイ|ドウ|ミャク,ダイ|ドー|ミャク,대동맥
鼻音,ビ|オン,ビ|オン,비음
根,ネ,ネ,근
玄武,ゲン|ブ,ゲン|ブ,현무
品詞,ヒン|シ,ヒン|シ,품사
公園,コウ|エン,コー|エン,공원
輝石,キ|セキ,キ|セキ,휘석
無声,ム|セイ,ム|セイ,무성
共和党,キョウ|ワ|トウ,キョー|ワ|トー,공화당
可変,カ|ヘン,カ|ヘン,가변
自動,ジ|ドウ,ジ|ドー,자동
停止,テイ|シ,テイ|シ,정지
司法,シ|ホウ,シ|ホー,사법
軍,グン,グン,군
大帝,タイ|テイ,タイ|テイ,대제
堆積岩,タイ|セキ|ガン,タイ|セキ|ガン,퇴적암
協定,キョウ|テイ,キョー|テイ,협정
査証,サ|ショウ,サ|ショー,사증
菓子,カ|シ,カ|シ,과자
金策,キン|サク,キン|サク,김책
処理,ショ|リ,ショ|リ,처리
牛島,ウシ|ジマ,ウシ|ジマ,우도
丹陽,タン|ヨウ,タン|ヨー,단양
予算,ヨ|サン,ヨ|サン,예산
俗語,ゾク|ゴ,ゾク|ゴ,속어
金哲柱,キン|ショウ|ニチ,キン|ショー|ニチ,김철주
戦隊,セン|タイ,セン|タイ,전대
銀色,ギン|イロ,ギン|イロ,은색
寄生,キ|セイ,キ|セイ,기생
灰色,ハイ|イロ,ハイ|イロ,회색
選手,セン|シュ,セン|シュ,선수
世界銀行,セ|カイ|ギン|コウ,セ|カイ|ギン|コー,세계은행
児童,ジ|ドウ,ジ|ドー,아동
投票,トウ|ヒョウ,トー|ヒョー,투표
星団,セイ|ダン,セイ|ダン,성단
亜熱帯,ア|ネッ|タイ,ア|ネッ|タイ,아열대
死語,シ|ゴ,シ|ゴ,사어
華族,カ|ゾク,カ|ゾク,화족
玄米,ゲン|マイ,ゲン|マイ,현미
反日,ハン|ニチ,ハン|ニチ,반일
感情,カン|ジョウ,カン|ジョー,감정
木管,モッ|カン,モッ|カン,목관
双曲線,ソウ|キョク|セン,ソー|キョク|セン,쌍곡선
大脳,ダイ|ノウ,ダイ|ノー,대뇌
湾流,ワン|リュウ,ワン|リュー,만류
絶滅,ゼツ|メツ,ゼツ|メツ,절멸
公館,コウ|カン,コー|カン,공관
寒帯,カン|タイ,カン|タイ,한대
劇場,ゲキ|ジョウ,ゲキ|ジョー,극장
聖堂,セイ|ドウ,セイ|ドー,성당
雪女,ユキオン|ナ,ユキオン|ナ,설녀
荘,ソウ,ソー,장
物質,ブッ|シツ,ブッ|シツ,물질
永宗島,エイ|シュウ|ジマ,エイ|シュー|ジマ,영종도
化石,カ|セキ,カ|セキ,화석
角速度,カク|ソク|ド,カク|ソク|ド,각속도
刑罰,ケイ|バツ,ケイ|バツ,형벌
万年筆,マン|ネン|ヒツ,マン|ネン|ヒツ,만년필
悪魔,アク|マ,アク|マ,악마
損傷,ソン|ショウ,ソン|ショー,손상
戦闘,セン|トウ,セン|トー,전투
車両,シャ|リョウ,シャ|リョー,차량
体液,タイ|エキ,タイ|エキ,체액
窒息,チッ|ソク,チッ|ソク,질식
制限,セイ|ゲン,セイ|ゲン,제한
卓球,タッ|キュウ,タッ|キュー,탁구
太陽系,タイ|ヨウ|ケイ,タイ|ヨー|ケイ,태양계
岩石,ガン|セキ,ガン|セキ,암석
球場,キュウ|ジョウ,キュー|ジョー,구장
拷問,ゴウ|モン,ゴー|モン,고문
叙情,ジョ|ジョウ,ジョ|ジョー,서정
悲劇,ヒ|ゲキ,ヒ|ゲキ,비극
男爵,ダン|シャク,ダン|シャク,남작
回生,カイ|セイ,カイ|セイ,회생
発電,ハツ|デン,ハツ|デン,발전
象形,ショウ|ケイ,ショー|ケイ,상형
俳優,ハイ|ユウ,ハイ|ユー,배우
端子,タン|シ,タン|シ,단자
磁石,ジ|シャク,ジ|シャク,자석
否定,ヒ|テイ,ヒ|テイ,부정
考古学,コウ|コ|ガク,コー|コ|ガク,고고학
民法,ミン|ポウ,ミン|ポー,민법
刑法,ケイ|ホウ,ケイ|ホー,형법
演芸,エン|ゲイ,エン|ゲイ,연예
型,カタ,カタ,형
近東,キン|トウ,キン|トー,근동
本線,ホン|セン,ホン|セン,본선
近距離,キン|キョ|リ,キン|キョ|リ,근거리
孔子,コウ|シ,コー|シ,공자
脳死,ノウ|シ,ノー|シ,뇌사
土星,ド|セイ,ド|セイ,토성
北斗七星,ホク|ト|シチ|セイ,ホク|ト|シチ|セイ,북두칠성
木星,モク|セイ,モク|セイ,목성
脳,ノウ,ノー,뇌
因数,イン|スウ,イン|スー,인수
公民,コウ|ミン,コー|ミン,공민
国籍,コク|セキ,コク|セキ,국적
下院,カ|イン,カ|イン,하원
上院,ジョウ|イン,ジョー|イン,상원
総統,ソウ|トウ,ソー|トー,총통
肺癌,ハイ|ガン,ハイ|ガン,폐암
反核,ハン|カク,ハン|カク,반핵
上京,ジョウ|キョウ,ジョー|キョー,상경
西京,ニシ|ギョウ,ニシ|ギョー,서경
建築,ケン|チク,ケン|チク,건축
渓谷,ケイ|コク,ケイ|コク,계곡
中心,チュウ|シン,チュー|シン,중심
牧師,ボク|シ,ボク|シ,목사
発光,ハッ|コウ,ハッ|コー,발광
木簡,モッ|カン,モッ|カン,목간
衆議院,シュウ|ギ|イン,シュー|ギ|イン,중의원
業務,ギョウ|ム,ギョー|ム,업무
弾道,ダン|ドウ,ダン|ドー,탄도
行政,ギョウ|セイ,ギョー|セイ,행정
指紋,シ|モン,シ|モン,지문
弾道弾,ダン|ドウ|ダン,ダン|ドー|ダン,탄도탄
薄膜,ハク|マク,ハク|マク,박막
産業,サン|ギョウ,サン|ギョー,산업
算術,サン|ジュツ,サン|ジュツ,산술
素子,ソ|シ,ソ|シ,소자
合唱,ガッ|ショウ,ガッ|ショー,합창
真性,シン|セイ,シン|セイ,진성
消化,ショウ|カ,ショー|カ,소화
逆数,ギャク|スウ,ギャク|スー,역수
美女,ビ|ジョ,ビ|ジョ,미녀
争議,ソウ|ギ,ソー|ギ,쟁의
本土,ホン|ド,ホン|ド,본토
膜,マク,マク,막
光度,コウ|ド,コー|ド,광도
国会,コッ|カイ,コッ|カイ,국회
中国銀行,チュウ|ゴク|ギン|コウ,チュー|ゴク|ギン|コー,중국은행
相国,ショウ|コク,ショー|コク,상국
丞相,ジョウ|ショウ,ジョー|ショー,승상
血小板,ケッ|ショウ|バン,ケッ|ショー|バン,혈소판
結晶,ケッ|ショウ,ケッ|ショー,결정
虹彩,コウ|サイ,コー|サイ,홍채
交流,コウ|リュウ,コー|リュー,교류
誘導体,ユウ|ドウ|タイ,ユー|ドー|タイ,유도체
犯罪,ハン|ザイ,ハン|ザイ,범죄
聴覚,チョウ|カク,チョー|カク,청각
味覚,ミ|カク,ミ|カク,미각
嗅覚,キュウ|カク,キュー|カク,후각
恐怖症,キョウ|フ|ショウ,キョー|フ|ショー,공포증
祭壇,サイ|ダン,サイ|ダン,제단
最下位,サイ|カ|イ,サイ|カ|イ,최하위
献血,ケン|ケツ,ケン|ケツ,헌혈
迫害,ハク|ガイ,ハク|ガイ,박해
南明,ナン|メイ,ナン|メイ,남명
解除,カイ|ジョ,カイ|ジョ,해제
加工,カ|コウ,カ|コー,가공
性,セイ,セイ,성
幽霊,ユウ|レイ,ユー|レイ,유령
多摩,タ|マ,タ|マ,다마
地域,チ|イキ,チ|イキ,지역
階級,カイ|キュウ,カイ|キュー,계급
闘争,トウ|ソウ,トー|ソー,투쟁
双方向,ソウ|ホウ|コウ,ソー|ホー|コー,쌍방향
謝肉祭,シャ|ニク|サイ,シャ|ニク|サイ,사육제
紀伊,キ|イ,キ|イ,기이
投手,トウ|シュ,トー|シュ,투수
南陽,ナン|ヨウ,ナン|ヨー,남양
官話,カン|ワ,カン|ワ,관화
正義,マサ|ヨシ,マサ|ヨシ,정의
軟口蓋,ナン|コウ|ガイ,ナン|コー|ガイ,연구개
口蓋垂,コウ|ガイ|スイ,コー|ガイ|スイ,구개수
表記,ヒョウ|キ,ヒョー|キ,표기
運転,ウン|テン,ウン|テン,운전
歯,ハ,ハ,치
能力,ノウ|リョク,ノー|リョク,능력
試験,シ|ケン,シ|ケン,시험
中尉,チュウ|イ,チュー|イ,중위
喉頭蓋,コウ|トウ|ガイ,コー|トー|ガイ,후두개
咽頭,イン|トウ,イン|トー,인두
講和,コウ|ワ,コー|ワ,강화
義務,ギ|ム,ギ|ム,의무
変数,ヘン|スウ,ヘン|スー,변수
回帰線,カイ|キ|セン,カイ|キ|セン,회귀선
南回帰線,ミナミ|カイ|キ|セン,ミナミ|カイ|キ|セン,남회귀선
北回帰線,キタ|カイ|キ|セン,キタ|カイ|キ|セン,북회귀선
北極圏,ホッ|キョク|ケン,ホッ|キョク|ケン,북극권
東半球,ヒガシ|ハン|キュウ,ヒガシ|ハン|キュー,동반구
西半球,ニシ|ハン|キュウ,ニシ|ハン|キュー,서반구
本初,ホン|ショ,ホン|ショ,본초
子午線,シ|ゴ|セン,シ|ゴ|セン,자오선
垂直,スイ|チョク,スイ|チョク,수직
運賃,ウン|チン,ウン|チン,운임
孟子,モウ|シ,モー|シ,맹자
天然,テン|ネン,テン|ネン,천연
濃縮,ノウ|シュク,ノー|シュク,농축
中庸,チュウ|ヨウ,チュー|ヨー,중용
予選,ヨ|セン,ヨ|セン,예선
不動産,フ|ドウ|サン,フ|ドー|サン,부동산
天敵,テン|テキ,テン|テキ,천적
擬態,ギ|タイ,ギ|タイ,의태
郊外,コウ|ガイ,コー|ガイ,교외
陰茎,イン|ケイ,イン|ケイ,음경
鉄,テツ,テツ,철
聖霊,セイ|レイ,セイ|レイ,성령
直交,チョッ|コウ,チョッ|コー,직교
媒質,バイ|シツ,バイ|シツ,매질
信用,シン|ヨウ,シン|ヨー,신용
権力,ケン|リョク,ケン|リョク,권력
分立,ブン|リツ,ブン|リツ,분립
平行,ヘイ|コウ,ヘイ|コー,평행
原点,ゲン|テン,ゲン|テン,원점
家族,カ|ゾク,カ|ゾク,가족
管理,カン|リ,カン|リ,관리
太陰暦,タイ|イン|レキ,タイ|イン|レキ,태음력
太皇太后,タイ|コウ|タイ|コウ,タイ|コー|タイ|コー,태황태후
蒸発,ジョウ|ハツ,ジョー|ハツ,증발
赤外線,セキ|ガイ|セン,セキ|ガイ|セン,적외선
空気,クウ|キ,クー|キ,공기
公,オオヤケ,オーヤケ,공
横断,オウ|ダン,オー|ダン,횡단
白虎,ビャッ|コ,ビャッ|コ,백호
権利,ケン|リ,ケン|リ,권리
割礼,カツ|レイ,カツ|レイ,할례
電鉄,デン|テツ,デン|テツ,전철
航法,コウ|ホウ,コー|ホー,항법
着陸,チャク|リク,チャク|リク,착륙
伝書鳩,デン|ショ|バト,デン|ショ|バト,전서구
道具,ドウ|グ,ドー|グ,도구
無人,ム|ジン,ム|ジン,무인
管制,カン|セイ,カン|セイ,관제
素,モト,モト,소
皇太子,コウ|タイ|シ,コー|タイ|シ,황태자
飛行,ヒ|コウ,ヒ|コー,비행
豪雨,ゴウ|ウ,ゴー|ウ,호우
中西部,チュウ|セイ|ブ,チュー|セイ|ブ,중서부
対,タイ,タイ,대
亜美,ア|ミ,ア|ミ,아미
死火山,シ|カ|ザン,シ|カ|ザン,사화산
色相,シキ|ソウ,シキ|ソー,색상
原色,ゲン|ショク,ゲン|ショク,원색
補色,ホ|ショク,ホ|ショク,보색
精液,セイ|エキ,セイ|エキ,정액
漁業,ギョ|ギョウ,ギョ|ギョー,어업
角膜,カク|マク,カク|マク,각막
天使,テン|シ,テン|シ,천사
検索,ケン|サク,ケン|サク,검색
網膜,モウ|マク,モー|マク,망막
市場,シ|ジョウ,シ|ジョー,시장
紙幣,シ|ヘイ,シ|ヘイ,지폐
勲章,クン|ショウ,クン|ショー,훈장
現在,ゲン|ザイ,ゲン|ザイ,현재
家父長制,カ|フ|チョウ|セイ,カ|フ|チョー|セイ,가부장제
未来,ミ|ライ,ミ|ライ,미래
過去,カ|コ,カ|コ,과거
機関,キ|カン,キ|カン,기관
同人,ドウ|ジン,ドー|ジン,동인
市町村,シ|チョウ|ソン,シ|チョー|ソン,시정촌
綱領,コウ|リョウ,コー|リョー,강령
学名,ガク|メイ,ガク|メイ,학명
平原,ヘイ|ゲン,ヘイ|ゲン,평원
決定,ケッ|テイ,ケッ|テイ,결정
問題,モン|ダイ,モン|ダイ,문제
渾沌,コン|トン,コン|トン,혼돈
角,カク,カク,각
陛下,ヘイ|カ,ヘイ|カ,폐하
金元雄,キン|ゲン|ユウ,キン|ゲン|ユー,김원웅
京劇,キョウ|ゲキ,キョー|ゲキ,경극
風洞,フウ|ドウ,フー|ドー,풍동
市民,シ|ミン,シ|ミン,시민
中世,チュウ|セイ,チュー|セイ,중세
近世,キン|セイ,キン|セイ,근세
天国,テン|ゴク,テン|ゴク,천국
上告,ジョウ|コク,ジョー|コク,상고
物体,ブッ|タイ,ブッ|タイ,물체
吸血鬼,キュウ|ケツ|キ,キュー|ケツ|キ,흡혈귀
近似,キン|ジ,キン|ジ,근사
倍数,バイ|スウ,バイ|スー,배수
輝度,キ|ド,キ|ド,휘도
誤植,ゴ|ショク,ゴ|ショク,오식
悪霊,アク|リョウ,アク|リョー,악령
講堂,コウ|ドウ,コー|ドー,강당
責任,セキ|ニン,セキ|ニン,책임
代替,ダイ|タイ,ダイ|タイ,대체
現実,ゲン|ジツ,ゲン|ジツ,현실
天才,テン|サイ,テン|サイ,천재
基数,キ|スウ,キ|スー,기수
身分,ミ|ブン,ミ|ブン,신분
公安,コウ|アン,コー|アン,공안
恐怖,キョウ|フ,キョー|フ,공포
性欲,セイ|ヨク,セイ|ヨク,성욕
配置,ハイ|チ,ハイ|チ,배치
同性,ドウ|セイ,ドー|セイ,동성
結婚,ケッ|コン,ケッ|コン,결혼
典型,テン|ケイ,テン|ケイ,전형
英雄,エイ|ユウ,エイ|ユー,영웅
解釈,カイ|シャク,カイ|シャク,해석
風媒花,フウ|バイ|カ,フー|バイ|カ,풍매화
環,タマキ,タマキ,환
代名詞,ダイ|メイ|シ,ダイ|メイ|シ,대명사
関係,カン|ケイ,カン|ケイ,관계
徴用,チョウ|ヨウ,チョー|ヨー,징용
消費,ショウ|ヒ,ショー|ヒ,소비
単一,タン|イツ,タン|イツ,단일
帆船,ハン|セン,ハン|セン,범선
遺言,ユイ|ゴン,ユイ|ゴン,유언
可読性,カ|トク|セイ,カ|トク|セイ,가독성
染料,セン|リョウ,セン|リョー,염료
氷河期,ヒョウ|ガ|キ,ヒョー|ガ|キ,빙하기
警察,ケイ|サツ,ケイ|サツ,경찰
到達,トウ|タツ,トー|タツ,도달
楊貴妃,ヨウ|キ|ヒ,ヨー|キ|ヒ,양귀비
散文,サン|ブン,サン|ブン,산문
客車,キャク|シャ,キャク|シャ,객차
医薬品,イ|ヤク|ヒン,イ|ヤク|ヒン,의약품
製薬,セイ|ヤク,セイ|ヤク,제약
促音,ソク|オン,ソク|オン,촉음
拘留,コウ|リュウ,コー|リュー,구류
推定,スイ|テイ,スイ|テイ,추정
金寿煥,キン|ジュ|カン,キン|ジュ|カン,김수환
間接,カン|セツ,カン|セツ,간접
遺跡,イ|セキ,イ|セキ,유적
店長,テン|チョウ,テン|チョー,점장
判例,ハン|レイ,ハン|レイ,판례
計量,ケイ|リョウ,ケイ|リョー,계량
聖餐,セイ|サン,セイ|サン,성찬
特恵,トッ|ケイ,トッ|ケイ,특혜
解散,カイ|サン,カイ|サン,해산
廃藩置県,ハイ|ハン|チ|ケン,ハイ|ハン|チ|ケン,폐번치현
長,ナガ,ナガ,장
弾倉,ダン|ソウ,ダン|ソー,탄창
茶碗,チャ|ワン,チャ|ワン,다완
合成,ゴウ|セイ,ゴー|セイ,합성
町,マチ,マチ,정
扇風機,セン|プウ|キ,セン|プー|キ,선풍기
変光星,ヘン|コウ|セイ,ヘン|コー|セイ,변광성
原子核,ゲン|シ|カク,ゲン|シ|カク,원자핵
熱帯夜,ネッ|タイ|ヤ,ネッ|タイ|ヤ,열대야
緯線,イ|セン,イ|セン,위선
性交,セイ|コウ,セイ|コー,성교
体位,タイ|イ,タイ|イ,체위
悠,ユウ,ユー,유
窓口,マド|グチ,マド|グチ,창구
里沙,リ|サ,リ|サ,리사
農園,ノウ|エン,ノー|エン,농원
双眼鏡,ソウ|ガン|キョウ,ソー|ガン|キョー,쌍안경
電波,デン|パ,デン|パ,전파
宮刑,キュウ|ケイ,キュー|ケイ,궁형
天子,テン|シ,テン|シ,천자
株主,カブ|ヌシ,カブ|ヌシ,주주
総督,ソウ|トク,ソー|トク,총독
係数,ケイ|スウ,ケイ|スー,계수
返還,ヘン|カン,ヘン|カン,반환
株価,カブ|カ,カブ|カ,주가
白頭山,ハク|トウ|サン,ハク|トー|サン,백두산
濁点,ダク|テン,ダク|テン,탁점
反射,ハン|シャ,ハン|シャ,반사
屈折,クッ|セツ,クッ|セツ,굴절
均衡,キン|コウ,キン|コー,균형
皇居外苑,コウ|キョ|ガイ|エン,コー|キョ|ガイ|エン,황거외원
涅槃,ネ|ハン,ネ|ハン,열반
太陽光,タイ|ヨウ|コウ,タイ|ヨー|コー,태양광
膀胱,ボウ|コウ,ボー|コー,방광
公開,コウ|カイ,コー|カイ,공개
操作,ソウ|サ,ソー|サ,조작
銀貨,ギン|カ,ギン|カ,은화
台車,ダイ|シャ,ダイ|シャ,대차
門,モン,モン,문
記録,キ|ロク,キ|ロク,기록
誘拐,ユウ|カイ,ユー|カイ,유괴
独占,ドク|セン,ドク|セン,독점
測度,ソク|ド,ソク|ド,측도
標本,ヒョウ|ホン,ヒョー|ホン,표본
推論,スイ|ロン,スイ|ロン,추론
自然,シ|ゼン,シ|ゼン,자연
災害,サイ|ガイ,サイ|ガイ,재해
江南,コウ|ナン,コー|ナン,강남
作用,サ|ヨウ,サ|ヨー,작용
睡眠,スイ|ミン,スイ|ミン,수면
将軍,ショウ|グン,ショー|グン,장군
高所,コウ|ショ,コー|ショ,고소
法人,ホウ|ジン,ホー|ジン,법인
建設,ケン|セツ,ケン|セツ,건설
蒸気,ジョウ|キ,ジョー|キ,증기
四君子,シク|ン|シ,シク|ン|シ,사군자
失語症,シツ|ゴ|ショウ,シツ|ゴ|ショー,실어증
選手権,セン|シュ|ケン,セン|シュ|ケン,선수권
大会,タイ|カイ,タイ|カイ,대회
遺伝,イ|デン,イ|デン,유전
炭水車,タン|スイ|シャ,タン|スイ|シャ,탄수차
資本,シ|ホン,シ|ホン,자본
線型,セン|ケイ,セン|ケイ,선형
可能,カ|ノウ,カ|ノー,가능
保険,ホ|ケン,ホ|ケン,보험
西域,セイ|イキ,セイ|イキ,서역
大,ダイ,ダイ,대
民兵,ミン|ペイ,ミン|ペイ,민병
平和,ヘイ|ワ,ヘイ|ワ,평화
発散,ハッ|サン,ハッ|サン,발산
広告,コウ|コク,コー|コク,광고
再生,サイ|セイ,サイ|セイ,재생
溶岩,ヨウ|ガン,ヨー|ガン,용암
金昌洙,キム|ショウ|シュ,キム|ショー|シュ,김창수
王朝,オウ|チョウ,オー|チョー,왕조
人体,ジン|タイ,ジン|タイ,인체
中古,チュウ|コ,チュー|コ,중고
仮釈放,カリ|シャク|ホウ,カリ|シャク|ホー,가석방
久能山,ク|ノウ|ザン,ク|ノー|ザン,구능산
会談,カイ|ダン,カイ|ダン,회담
食品,ショク|ヒン,ショク|ヒン,식품
少年,ショウ|ネン,ショー|ネン,소년
基地,キ|チ,キ|チ,기지
鉄拳,テッ|ケン,テッ|ケン,철권
原住民,ゲン|ジュウ|ミン,ゲン|ジュー|ミン,원주민
蓄音機,チク|オン|キ,チク|オン|キ,축음기
位置,イ|チ,イ|チ,위치
保存,ホ|ゾン,ホ|ゾン,보존
治外法権,チ|ガイ|ホウ|ケン,チ|ガイ|ホー|ケン,치외법권
有効,ユウ|コウ,ユー|コー,유효
搾取,サク|シュ,サク|シュ,착취
磁気,ジ|キ,ジ|キ,자기
気象,キ|ショウ,キ|ショー,기상
放電,ホウ|デン,ホー|デン,방전
出版,シュッ|パン,シュッ|パン,출판
男装,ダン|ソウ,ダン|ソー,남장
種痘,シュ|トウ,シュ|トー,종두
原爆,ゲン|バク,ゲン|バク,원폭
亡命,ボウ|メイ,ボー|メイ,망명
希望,キ|ボウ,キ|ボー,희망
陽明学,ヨウ|メイ|ガク,ヨー|メイ|ガク,양명학
糖蜜,トウ|ミツ,トー|ミツ,당밀
回折,カイ|セツ,カイ|セツ,회절
雨林,ウ|リン,ウ|リン,우림
水酸化,スイ|サン|カ,スイ|サン|カ,수산화
線形,セン|ケイ,セン|ケイ,선형
事変,ジ|ヘン,ジ|ヘン,사변
軍曹,グン|ソウ,グン|ソー,군조
探査,タン|サ,タン|サ,탐사
価値,カ|チ,カ|チ,가치
自我,ジ|ガ,ジ|ガ,자아
編集,ヘン|シュウ,ヘン|シュー,편집
休火山,キュウ|カ|ザン,キュー|カ|ザン,휴화산
物品,ブッ|ピン,ブッ|ピン,물품
売買,バイ|バイ,バイ|バイ,매매
虫媒花,チュウ|バイ|カ,チュー|バイ|カ,충매화
湿潤,シツ|ジュン,シツ|ジュン,습윤
少雨,ショウ|ウ,ショー|ウ,소우
氷雪,ヒョウ|セツ,ヒョー|セツ,빙설
高山,タカ|ヤマ,タカ|ヤマ,고산
家庭,カ|テイ,カ|テイ,가정
自転,ジ|テン,ジ|テン,자전
歯石,シ|セキ,シ|セキ,치석
映写機,エイ|シャ|キ,エイ|シャ|キ,영사기
推進,スイ|シン,スイ|シン,추진
週刊,シュウ|カン,シュー|カン,주간
酸化,サン|カ,サン|カ,산화
腹腔,フク|コウ,フク|コー,복강
講義,コウ|ギ,コー|ギ,강의
嘔吐,オウ|ト,オー|ト,구토
壁,カベ,カベ,벽
乳製品,ニュウ|セイ|ヒン,ニュー|セイ|ヒン,유제품
天皇杯,テン|ノウ|ハイ,テン|ノー|ハイ,천황배
民主進歩党,ミン|シュ|シン|ポ|トウ,ミン|シュ|シン|ポ|トー,민주진보당
誘惑,ユウ|ワク,ユー|ワク,유혹
救世主,キュウ|セイ|シュ,キュー|セイ|シュ,구세주
真理,シン|リ,シン|リ,진리
早漏,ソウ|ロウ,ソー|ロー,조루
生殖,セイ|ショク,セイ|ショク,생식
成文法,セイ|ブン|ポウ,セイ|ブン|ポー,성문법
酵母,コウ|ボ,コー|ボ,효모
白書,ハク|ショ,ハク|ショ,백서
誕生,タン|ジョウ,タン|ジョー,탄생
軍隊,グン|タイ,グン|タイ,군대
実行,ジッ|コウ,ジッ|コー,실행
肥料,ヒ|リョウ,ヒ|リョー,비료
勃起,ボッ|キ,ボッ|キ,발기
出力,シュツ|リョク,シュツ|リョク,출력
入力,ニュウ|リョク,ニュー|リョク,입력
入出力,ニュウ|シュツ|リョク,ニュー|シュツ|リョク,입출력
磁気圏,ジ|キ|ケン,ジ|キ|ケン,자기권
比較,ヒ|カク,ヒ|カク,비교
顧客,コ|キャク,コ|キャク,고객
共有,キョウ|ユウ,キョー|ユー,공유
食事,ショク|ジ,ショク|ジ,식사
月経,ゲッ|ケイ,ゲッ|ケイ,월경
少女,ショウ|ジョ,ショー|ジョ,소녀
文書,ブン|ショ,ブン|ショ,문서
気流,キ|リュウ,キ|リュー,기류
財産,ザイ|サン,ザイ|サン,재산
経験,ケイ|ケン,ケイ|ケン,경험
生理学,セイ|リ|ガク,セイ|リ|ガク,생리학
郵便,ユウ|ビン,ユー|ビン,우편
宿題,シュク|ダイ,シュク|ダイ,숙제
食道,ショク|ドウ,ショク|ドー,식도
事実,ジ|ジツ,ジ|ジツ,사실
体力,タイ|リョク,タイ|リョク,체력
白銅,ハク|ドウ,ハク|ドー,백동
浮上,フ|ジョウ,フ|ジョー,부상
血管,ケッ|カン,ケッ|カン,혈관
肝炎,カン|エン,カン|エン,간염
百姓,ヒャク|ショウ,ヒャク|ショー,백성
殉職,ジュン|ショク,ジュン|ショク,순직
触手,ショク|シュ,ショク|シュ,촉수
商標,ショウ|ヒョウ,ショー|ヒョー,상표
価格,カ|カク,カ|カク,가격
発音,ハツ|オン,ハツ|オン,발음
拡張,カク|チョウ,カク|チョー,확장
頭皮,トウ|ヒ,トー|ヒ,두피
原油,ゲン|ユ,ゲン|ユ,원유
学位,ガク|イ,ガク|イ,학위
高等,コウ|トウ,コー|トー,고등
湿度,シツ|ド,シツ|ド,습도
高血圧,コウ|ケツ|アツ,コー|ケツ|アツ,고혈압
役割,ヤク|ワリ,ヤク|ワリ,역할
皮膚,ヒ|フ,ヒ|フ,피부
典礼,テン|レイ,テン|レイ,전례
地理,チ|リ,チ|リ,지리
等温,トウ|オン,トー|オン,등온
過程,カ|テイ,カ|テイ,과정
因子,イン|シ,イン|シ,인자
熱源,ネツ|ゲン,ネツ|ゲン,열원
洞窟,ドウ|クツ,ドー|クツ,동굴
知能,チ|ノウ,チ|ノー,지능
解決,カイ|ケツ,カイ|ケツ,해결
保安,ホ|アン,ホ|アン,보안
故意,コ|イ,コ|イ,고의
応答,オウ|トウ,オー|トー,응답
観光,カン|コウ,カン|コー,관광
生活,セイ|カツ,セイ|カツ,생활
様式,ヨウ|シキ,ヨー|シキ,양식
存在,ソン|ザイ,ソン|ザイ,존재
直接,チョク|セツ,チョク|セツ,직접
探偵,タン|テイ,タン|テイ,탐정
音源,オン|ゲン,オン|ゲン,음원
友情,ユウ|ジョウ,ユー|ジョー,우정
製品,セイ|ヒン,セイ|ヒン,제품
混合,コン|ゴウ,コン|ゴー,혼합
暖房,ダン|ボウ,ダン|ボー,난방
発明,ハツ|メイ,ハツ|メイ,발명
性能,セイ|ノウ,セイ|ノー,성능
業,ゴウ,ゴー,업
占星術,セン|セイ|ジュツ,セン|セイ|ジュツ,점성술
監督,カン|トク,カン|トク,감독
毎日新聞,マイ|ニチ|シン|ブン,マイ|ニチ|シン|ブン,매일신문
快刀,カイ|トウ,カイ|トー,쾌도
生産,セイ|サン,セイ|サン,생산
甲,カブト,カブト,갑
販売,ハン|バイ,ハン|バイ,판매
義兵,ギ|ヘイ,ギ|ヘイ,의병
童謡,ドウ|ヨウ,ドー|ヨー,동요
軍歌,グン|カ,グン|カ,군가
工場,コウ|ジョウ,コー|ジョー,공장
変成岩,ヘン|セイ|ガン,ヘン|セイ|ガン,변성암
景気,ケイ|キ,ケイ|キ,경기
循環,ジュン|カン,ジュン|カン,순환
準備,ジュン|ビ,ジュン|ビ,준비
支局,シ|キョク,シ|キョク,지국
歩兵,ホ|ヘイ,ホ|ヘイ,보병
惑星,ワク|セイ,ワク|セイ,혹성
大政奉還,タイ|セイ|ホウ|カン,タイ|セイ|ホー|カン,대정봉환
命令,メイ|レイ,メイ|レイ,명령
武道,ブ|ドウ,ブ|ドー,무도
天馬,テン|マ,テン|マ,천마
汚染,オ|セン,オ|セン,오염
運行,ウン|コウ,ウン|コー,운행
系統,ケイ|トウ,ケイ|トー,계통
埋没,マイ|ボツ,マイ|ボツ,매몰
費用,ヒ|ヨウ,ヒ|ヨー,비용
授業,ジュ|ギョウ,ジュ|ギョー,수업
抗力,コウ|リョク,コー|リョク,항력
峰,ホウ,ホー,봉
脅迫,キョウ|ハク,キョー|ハク,협박
予防,ヨ|ボウ,ヨ|ボー,예방
接種,セッ|シュ,セッ|シュ,접종
聖歌,セイ|カ,セイ|カ,성가
英国,エイ|コク,エイ|コク,영국
軍旗,グン|キ,グン|キ,군기
毛利,モウ|リ,モー|リ,모리
蘭,ラン,ラン,란
玉髄,ギョク|ズイ,ギョク|ズイ,옥수
旧,キュウ,キュー,구
雇用,コ|ヨウ,コ|ヨー,고용
棋戦,キ|セン,キ|セン,기전
史跡,シ|セキ,シ|セキ,사적
弾性,ダン|セイ,ダン|セイ,탄성
帰納,キ|ノウ,キ|ノー,귀납
適合,テキ|ゴウ,テキ|ゴー,적합
菩薩,ボ|サツ,ボ|サツ,보살
牛乳,ギュウ|ニュウ,ギュー|ニュー,우유
競争,キョウ|ソウ,キョー|ソー,경쟁
寡占,カ|セン,カ|セン,과점
防止,ボウ|シ,ボー|シ,방지
公正,コウ|セイ,コー|セイ,공정
李,リ,リ,리
胃癌,イ|ガン,イ|ガン,위암
物流,ブツ|リュウ,ブツ|リュー,물류
御所,ゴ|ショ,ゴ|ショ,어소
石膏,セッ|コウ,セッ|コー,석고
手榴弾,テ|リュウ|ダン,テ|リュー|ダン,수류탄
香辛料,コウ|シン|リョウ,コー|シン|リョー,향신료
疾患,シッ|カン,シッ|カン,질환
毎日放送,マイ|ニチ|ホウ|ソウ,マイ|ニチ|ホー|ソー,매일방송
肛門,コウ|モン,コー|モン,항문
琵琶,ビ|ワ,ビ|ワ,비파
核果,カッ|カ,カッ|カ,핵과
皮革,ヒ|カク,ヒ|カク,피혁
貪欲,ドン|ヨク,ドン|ヨク,탐욕
剣,ケン,ケン,검
大陸棚,タイ|リク|ダナ,タイ|リク|ダナ,대륙붕
褶曲,シュウ|キョク,シュー|キョク,습곡
法典,ホウ|テン,ホー|テン,법전
伝燈寺,デン|ドウ|ジ,デン|ドー|ジ,전등사
火災,カ|サイ,カ|サイ,화재
伯爵,ハク|シャク,ハク|シャク,백작
依存,イ|ゾン,イ|ゾン,의존
単細胞,タン|サイ|ボウ,タン|サイ|ボー,단세포
測定,ソク|テイ,ソク|テイ,측정
美学,ビ|ガク,ビ|ガク,미학
巨星,キョ|セイ,キョ|セイ,거성
近代,キン|ダイ,キン|ダイ,근대
括約筋,カツ|ヤク|キン,カツ|ヤク|キン,괄약근
静的,セイ|テキ,セイ|テキ,정적
大元帥,ダイ|ゲン|スイ,ダイ|ゲン|スイ,대원수
園芸,エン|ゲイ,エン|ゲイ,원예
空想,クウ|ソウ,クー|ソー,공상
東京,トウ|キョウ,トー|キョー,동경
予報,ヨ|ホウ,ヨ|ホー,예보
造山,ツク|リヤマ,ツク|リヤマ,조산
母乳,ボ|ニュウ,ボ|ニュー,모유
随筆,ズイ|ヒツ,ズイ|ヒツ,수필
孫子,マゴ|コ,マゴ|コ,손자
空港線,クウ|コウ|セン,クー|コー|セン,공항선
極,ゴク,ゴク,극
近傍,キン|ボウ,キン|ボー,근방
帯状疱疹,タイ|ジョウ|ホウ|シン,タイ|ジョー|ホー|シン,대상포진
評価,ヒョウ|カ,ヒョー|カ,평가
東部,トウ|ブ,トー|ブ,동부
纏足,テン|ソク,テン|ソク,전족
太極拳,タイ|キョク|ケン,タイ|キョク|ケン,태극권
会計,カイ|ケイ,カイ|ケイ,회계
共通,キョウ|ツウ,キョー|ツー,공통
基盤,キ|バン,キ|バン,기반
中間,チュウ|カン,チュー|カン,중간
火口,カ|コウ,カ|コー,화구
成人,セイ|ジン,セイ|ジン,성인
媒体,バイ|タイ,バイ|タイ,매체
濃度,ノウ|ド,ノー|ド,농도
捕手,ホ|シュ,ホ|シュ,포수
朝貢,チョウ|コウ,チョー|コー,조공
人民,ジン|ミン,ジン|ミン,인민
戒厳,カイ|ゲン,カイ|ゲン,계엄
創造,ソウ|ゾウ,ソー|ゾー,창조
装甲車,ソウ|コウ|シャ,ソー|コー|シャ,장갑차
完封,カン|プウ,カン|プー,완봉
積乱雲,セキ|ラン|ウン,セキ|ラン|ウン,적란운
人生,ジン|セイ,ジン|セイ,인생
積雲,セキ|ウン,セキ|ウン,적운
生放送,ナマ|ホウ|ソウ,ナマ|ホー|ソー,생방송
目的,モク|テキ,モク|テキ,목적
静脈,ジョウ|ミャク,ジョー|ミャク,정맥
煙霧,エン|ム,エン|ム,연무
光,ヒカリ,ヒカリ,광
校歌,コウ|カ,コー|カ,교가
研究,ケン|キュウ,ケン|キュー,연구
天球,テン|キュウ,テン|キュー,천구
母語,ボ|ゴ,ボ|ゴ,모어
球面,キュウ|メン,キュー|メン,구면
湿地,シッ|チ,シッ|チ,습지
和菓子,ワ|ガ|シ,ワ|ガ|シ,화과자
統治,トウ|チ,トー|チ,통치
西洋,セイ|ヨウ,セイ|ヨー,서양
繊維,セン|イ,セン|イ,섬유
新書,シン|ショ,シン|ショ,신서
中華,チュウ|カ,チュー|カ,중화
週末,シュウ|マツ,シュー|マツ,주말
誕生石,タン|ジョウ|セキ,タン|ジョー|セキ,탄생석
木工,モッ|コウ,モッ|コー,목공
珠江,タマ|エ,タマ|エ,주강
江,コウ,コー,강
間,カン,カン,간
庭園,テイ|エン,テイ|エン,정원
県立,ケン|リツ,ケン|リツ,현립
元帥,ゲン|スイ,ゲン|スイ,원수
高覧,コウ|ラン,コー|ラン,고람
高気圧,コウ|キ|アツ,コー|キ|アツ,고기압
寒冷前線,カン|レイ|ゼン|セン,カン|レイ|ゼン|セン,한랭전선
規則,キ|ソク,キ|ソク,규칙
天壇,テン|ダン,テン|ダン,천단
大仏,ダイ|ブツ,ダイ|ブツ,대불
法家,ホウ|カ,ホー|カ,법가
原人,ゲン|ジン,ゲン|ジン,원인
特許,トッ|キョ,トッ|キョ,특허
上場,ジョウ|ジョウ,ジョー|ジョー,상장
王昭君,オウ|ショウ|クン,オー|ショー|クン,왕소군
京畿,ケイキ|,ケイキ|,경기
大腸菌,ダイ|チョウ|キン,ダイ|チョー|キン,대장균
天池,アマ|イケ,アマ|イケ,천지
催眠,サイ|ミン,サイ|ミン,최면
資源,シ|ゲン,シ|ゲン,자원
安打,アン|ダ,アン|ダ,안타
彩雲,サイ|ウン,サイ|ウン,채운
形容詞,ケイ|ヨウ|シ,ケイ|ヨー|シ,형용사
溶接,ヨウ|セツ,ヨー|セツ,용접
賛歌,サン|カ,サン|カ,찬가
個人,コ|ジン,コ|ジン,개인
敬語,ケイ|ゴ,ケイ|ゴ,경어
反発,ハン|パツ,ハン|パツ,반발
生活協同組合,セイ|カツ|キョウ|ドウ|クミ|アイ,セイ|カツ|キョー|ドー|クミ|アイ,생활협동조합
桃源郷,トウ|ゲン|キョウ,トー|ゲン|キョー,도원향
遊牧民,ユウ|ボク|ミン,ユー|ボク|ミン,유목민
江華島,コウ|カ|トウ,コー|カ|トー,강화도
風化,フウ|カ,フー|カ,풍화
資産,シ|サン,シ|サン,자산
投資,トウ|シ,トー|シ,투자
対流,タイ|リュウ,タイ|リュー,대류
巨大,キョ|ダイ,キョ|ダイ,거대
約束,ヤク|ソク,ヤク|ソク,약속
字幕,ジ|マク,ジ|マク,자막
状態,ジョウ|タイ,ジョー|タイ,상태
優位,ユウ|イ,ユー|イ,우위
表面,ヒョウ|メン,ヒョー|メン,표면
地球儀,チ|キュウ|ギ,チ|キュー|ギ,지구의
迷路,メイ|ロ,メイ|ロ,미로
市立,シ|リツ,シ|リツ,시립
摂政,セッ|ショウ,セッ|ショー,섭정
爆発,バク|ハツ,バク|ハツ,폭발
香水,コウ|スイ,コー|スイ,향수
道徳,ドウ|トク,ドー|トク,도덕
浮腫,ムク|ミ,ムク|ミ,부종
括弧,カッ|コ,カッ|コ,괄호
二酸化,ニ|サン|カ,ニ|サン|カ,이산화
塩素,エン|ソ,エン|ソ,염소
長官,チョウ|カン,チョー|カン,장관
骨髄,コツ|ヅイ,コツ|ズイ,골수
公明党,コウ|メイ|トウ,コー|メイ|トー,공명당
表面張力,ヒョウ|メン|チョウ|リョク,ヒョー|メン|チョー|リョク,표면장력
毛細血管,モウ|サイ|ケッ|カン,モー|サイ|ケッ|カン,모세혈관
形質,ケイ|シツ,ケイ|シツ,형질
粥,カユ,カユ,죽
現象,ゲン|ショウ,ゲン|ショー,현상
胞子,ホウ|シ,ホー|シ,포자
宿主,シュク|シュ,シュク|シュ,숙주
寺院,ジ|イン,ジ|イン,사원
保護,ホ|ゴ,ホ|ゴ,보호
失格,シッ|カク,シッ|カク,실격
編年体,ヘン|ネン|タイ,ヘン|ネン|タイ,편년체
気温,キ|オン,キ|オン,기온
公爵,コウ|シャク,コー|シャク,공작
降水,コウ|スイ,コー|スイ,강수
観測,カン|ソク,カン|ソク,관측
昇華,ショウ|カ,ショー|カ,승화
透明,トウ|メイ,トー|メイ,투명
洪水,コウ|ズイ,コー|ズイ,홍수
水害,スイ|ガイ,スイ|ガイ,수해
原罪,ゲン|ザイ,ゲン|ザイ,원죄
黄砂,コウ|サ,コー|サ,황사
特殊,トク|シュ,トク|シュ,특수
統一,トウ|イツ,トー|イツ,통일
憲章,ケン|ショウ,ケン|ショー,헌장
政策,セイ|サク,セイ|サク,정책
最短,サイ|タン,サイ|タン,최단
経路,ケイ|ロ,ケイ|ロ,경로
述語,ジュツ|ゴ,ジュツ|ゴ,술어
天元,テン|ゲン,テン|ゲン,천원
図法,ズ|ホウ,ズ|ホー,도법
兵科,ヘイ|カ,ヘイ|カ,병과
部品,ブ|ヒン,ブ|ヒン,부품
寧辺,ニョン|ビョン,ニョン|ビョン,녕변
豪族,ゴウ|ゾク,ゴー|ゾク,호족
提灯,チョウ|チン,チョー|チン,제등
大王,ダイ|オウ,ダイ|オー,대왕
草原,ソウ|ゲン,ソー|ゲン,초원
筆談,ヒツ|ダン,ヒツ|ダン,필담
姉妹,シ|マイ,シ|マイ,자매
真宗,シン|シュウ,シン|シュー,진종
防空,ボウ|クウ,ボー|クー,방공
識別,シキ|ベツ,シキ|ベツ,식별
無責任,ム|セキ|ニン,ム|セキ|ニン,무책임
艦長,カン|チョウ,カン|チョー,함장
太陽熱,タイ|ヨウ|ネツ,タイ|ヨー|ネツ,태양열
闘牛,トウ|ギュウ,トー|ギュー,투우
新党,シン|トウ,シン|トー,신당
親族,シン|ゾク,シン|ゾク,친족
端末,タン|マツ,タン|マツ,단말
大本営,ダイ|ホン|エイ,ダイ|ホン|エイ,대본영
発表,ハッ|ピョウ,ハッ|ピョー,발표
痛風,ツウ|フウ,ツー|フー,통풍
水道,スイ|ドウ,スイ|ドー,수도
奴婢,ヌ|ヒ,ヌ|ヒ,노비
警察官,ケイ|サツ|カン,ケイ|サツ|カン,경찰관
混成,コン|セイ,コン|セイ,혼성
弁済,ベン|サイ,ベン|サイ,변제
梨沙,リ|サ,リ|サ,리사
盗塁,トウ|ルイ,トー|ルイ,도루
慎也,シン|ヤ,シン|ヤ,신야
活火山,カッ|カ|ザン,カッ|カ|ザン,활화산
無条件,ム|ジョウ|ケン,ム|ジョー|ケン,무조건
色覚,シキ|カク,シキ|カク,색각
異常,イ|ジョウ,イ|ジョー,이상
北元,キタ|モト,キタ|モト,북원
水球,スイ|キュウ,スイ|キュー,수구
陳平,チン|ペイ,チン|ペイ,진평
順治,ジュン|ジ,ジュン|ジ,순치
哲学,テツ|ガク,テツ|ガク,철학
騎士,キ|シ,キ|シ,기사
腫瘍,シュ|ヨウ,シュ|ヨー,종양
体操,タイ|ソウ,タイ|ソー,체조
薄明,ハク|メイ,ハク|メイ,박명
目録,モク|ロク,モク|ロク,목록
野手,ノ|テ,ノ|テ,야수
任官,ニン|カン,ニン|カン,임관
悪,ワル,ワル,악
千人針,セン|ニン|バリ,セン|ニン|バリ,천인침
氷河,ヒョウ|ガ,ヒョー|ガ,빙하
保守党,ホ|シュ|トウ,ホ|シュ|トー,보수당
卒業,ソツ|ギョウ,ソツ|ギョー,졸업
有,ユウ,ユー,유
中平,ナカ|ヒラ,ナカ|ヒラ,중평
士農工商,シ|ノウ|コウ|ショウ,シ|ノー|コー|ショー,사농공상
財政,ザイ|セイ,ザイ|セイ,재정
保障,ホ|ショウ,ホ|ショー,보장
墓地,ボ|チ,ボ|チ,묘지
魔女,マ|ジョ,マ|ジョ,마녀
最恵国,サイ|ケイ|コク,サイ|ケイ|コク,최혜국
待遇,タイ|グウ,タイ|グー,대우
設計,セッ|ケイ,セッ|ケイ,설계
自決,ジ|ケツ,ジ|ケツ,자결
団体,ダン|タイ,ダン|タイ,단체
輸出,ユ|シュツ,ユ|シュツ,수출
学部,ガク|ブ,ガク|ブ,학부
帰化,キ|カ,キ|カ,귀화
去勢,キョ|セイ,キョ|セイ,거세
収穫,シュウ|カク,シュー|カク,수확
逓減,テイ|ゲン,テイ|ゲン,체감
製作所,セイ|サク|ショ,セイ|サク|ショ,제작소
火薬,カ|ヤク,カ|ヤク,화약
外野,ガイ|ヤ,ガイ|ヤ,외야
網状,モウ|ジョウ,モー|ジョー,망상
山城,ヤマ|シロ,ヤマ|シロ,산성
大昌,ダイ|ショウ,ダイ|ショー,대창
氏,シ,シ,씨
竹夫人,チク|フ|ジン,チク|フ|ジン,죽부인
名球会,メイ|キュウ|カイ,メイ|キュー|カイ,명구회
慧遠,エ|オン,エ|オン,혜원
膣,チツ,チツ,질
木材,モク|ザイ,モク|ザイ,목재
金玉,キン|ギョク,キン|ギョク,김옥
公倍数,コウ|バイ|スウ,コー|バイ|スー,공배수
光興,ミツ|オキ,ミツ|オキ,광흥
車道,シャ|ドウ,シャ|ドー,차도
車線,シャ|セン,シャ|セン,차선
自治体,ジ|チ|タイ,ジ|チ|タイ,자치체
帽子,ボウ|シ,ボー|シ,모자
合板,ゴウ|ハン,ゴー|ハン,합판
同軸,ドウ|ジク,ドー|ジク,동축
夜尿症,ヤ|ニョウ|ショウ,ヤ|ニョー|ショー,야뇨증
陶芸,トウ|ゲイ,トー|ゲイ,도예
富,トミ,トミ,부
風水,フウ|スイ,フー|スイ,풍수
薬学,ヤク|ガク,ヤク|ガク,약학
適応,テキ|オウ,テキ|オー,적응
水力,スイ|リョク,スイ|リョク,수력
戦略,セン|リャク,セン|リャク,전략
構想,コウ|ソウ,コー|ソー,구상
封鎖,フウ|サ,フー|サ,봉쇄
焼夷弾,ショウ|イ|ダン,ショー|イ|ダン,소이탄
中等,チュウ|トウ,チュー|トー,중등
初等,ショ|トウ,ショ|トー,초등
古墳,コ|フン,コ|フン,고분
影印本,エイ|イン|ボン,エイ|イン|ボン,영인본
東洋文庫,トウ|ヨウ|ブン|コ,トー|ヨー|ブン|コ,동양문고
明朝体,ミン|チョウ|タイ,ミン|チョー|タイ,명조체
特許庁,トッ|キョ|チョウ,トッ|キョ|チョー,특허청
牧場,ボク|ジョウ,ボク|ジョー,목장
共生,キョウ|セイ,キョー|セイ,공생
更始,コウ|シ,コー|シ,경시
骨董,コッ|トウ,コッ|トー,골동
盗聴,トウ|チョウ,トー|チョー,도청
理沙,リ|サ,リ|サ,리사
水石,ミズ|イシ,ミズ|イシ,수석
盆栽,ボン|サイ,ボン|サイ,분재
曇徴,ドン|チョウ,ドン|チョー,담징
賃貸借,チン|タイ|シャク,チン|タイ|シャク,임대차
売国奴,バイ|コク|ド,バイ|コク|ド,매국노
委任,イ|ニン,イ|ニン,위임
和解,ワ|カイ,ワ|カイ,화해
無効,ム|コウ,ム|コー,무효
上訴,ジョウ|ソ,ジョー|ソ,상소
抗告,コウ|コク,コー|コク,항고
排泄,ハイ|セツ,ハイ|セツ,배설
無性,ム|セイ,ム|セイ,무성
有性,ユウ|セイ,ユー|セイ,유성
羊羹,ヨウ|カン,ヨー|カン,양갱
公権力,コウ|ケン|リョク,コー|ケン|リョク,공권력
認可,ニン|カ,ニン|カ,인가
許可,キョ|カ,キョ|カ,허가
砂丘,サ|キュウ,サ|キュー,사구
四死球,シ|シ|キュウ,シ|シ|キュー,사사구
登山,ト|ザン,ト|ザン,등산
家禽,カ|キン,カ|キン,가금
培養,バイ|ヨウ,バイ|ヨー,배양
人形,ニン|ギョウ,ニン|ギョー,인형
永興,リョウ|ゴ,リョー|ゴ,영흥
接辞,セツ|ジ,セツ|ジ,접사
語根,ゴ|コン,ゴ|コン,어근
健康,ケン|コウ,ケン|コー,건강
喜劇,キ|ゲキ,キ|ゲキ,희극
本能,ホン|ノウ,ホン|ノー,본능
法益,ホウ|エキ,ホー|エキ,법익
由里,ユ|リ,ユ|リ,유리
農家,ノウ|カ,ノー|カ,농가
試薬,シ|ヤク,シ|ヤク,시약
素描,ソ|ビョウ,ソ|ビョー,소묘
私権,シ|ケン,シ|ケン,사권
商行為,ショウ|コウ|イ,ショー|コー|イ,상행위
証拠,ショウ|コ,ショー|コ,증거
軽水炉,ケイ|スイ|ロ,ケイ|スイ|ロ,경수로
三寒四温,サン|カン|シ|オン,サン|カン|シ|オン,삼한사온
平年,ヘイ|ネン,ヘイ|ネン,평년
抒情詩,ジョ|ジョウ|シ,ジョ|ジョー|シ,서정시
公募,コウ|ボ,コー|ボ,공모
破傷風,ハ|ショウ|フウ,ハ|ショー|フー,파상풍
生涯,ショウ|ガイ,ショー|ガイ,생애
伝統,デン|トウ,デン|トー,전통
潜熱,セン|ネツ,セン|ネツ,잠열
親告罪,シン|コク|ザイ,シン|コク|ザイ,친고죄
学問,ガク|モン,ガク|モン,학문
概念,ガイ|ネン,ガイ|ネン,개념
註釈,チュウ|シャク,チュー|シャク,주석
公法,コウ|ホウ,コー|ホー,공법
公権,コウ|ケン,コー|ケン,공권
家訓,カク|ン,カク|ン,가훈
早産,ソウ|ザン,ソー|ザン,조산
集中,シュウ|チュウ,シュー|チュー,집중
減数,ゲン|スウ,ゲン|スー,감수
肝油,カン|ユ,カン|ユ,간유
家風,カ|フウ,カ|フー,가풍
玄基栄,ゲン|キ|エイ,ゲン|キ|エイ,현기영
批准,ヒ|ジュン,ヒ|ジュン,비준
登記,トウ|キ,トー|キ,등기
太平,タイ|ヘイ,タイ|ヘイ,태평
代理人,ダイ|リ|ニン,ダイ|リ|ニン,대리인
鍾乳石,ショウ|ニュウ|セキ,ショー|ニュー|セキ,종유석
風力,フウ|リョク,フー|リョク,풍력
環太平洋,カン|タイ|ヘイ|ヨウ,カン|タイ|ヘイ|ヨー,환태평양
演習,エン|シュウ,エン|シュー,연습
温暖,オン|ダン,オン|ダン,온난
幼稚園,ヨウ|チ|エン,ヨー|チ|エン,유치원
散乱,サン|ラン,サン|ラン,산란
蒸散,ジョウ|サン,ジョー|サン,증산
位牌,イ|ハイ,イ|ハイ,위패
民謡,ミン|ヨウ,ミン|ヨー,민요
江原,エ|バラ,エ|バラ,강원
親権,シン|ケン,シン|ケン,친권
永安,エイ|アン,エイ|アン,영안
腐敗,フ|ハイ,フ|ハイ,부패
富平,トミ|ヒラ,トミ|ヒラ,부평
方位,ホウ|イ,ホー|イ,방위
動機,ドウ|キ,ドー|キ,동기
白丁,ハク|チョウ,ハク|チョー,백정
紫衣,シ|エ,シ|エ,자의
黄庭堅,オウ|テイ|ケン,オー|テイ|ケン,황정견
王羲之,オウ|ギ|シ,オー|ギ|シ,왕희지
物権,ブッ|ケン,ブッ|ケン,물권
行動,コウ|ドウ,コー|ドー,행동
彫刻,チョウ|コク,チョー|コク,조각
常設,ジョウ|セツ,ジョー|セツ,상설
学士,ガク|シ,ガク|シ,학사
美,ヨシ,ヨシ,미
条件,ジョウ|ケン,ジョー|ケン,조건
遺留分,イ|リュウ|ブン,イ|リュー|ブン,유류분
書店,ショ|テン,ショ|テン,서점
防空壕,ボウ|クウ|ゴウ,ボー|クー|ゴー,방공호
屯田,トン|デン,トン|デン,둔전
直観,チョッ|カン,チョッ|カン,직관
実体,ジッ|タイ,ジッ|タイ,실체
本質,ホン|シツ,ホン|シツ,본질
観念,カン|ネン,カン|ネン,관념
形而上学,ケイ|ジ|ジョウ|ガク,ケイ|ジ|ジョー|ガク,형이상학
二元論,ニ|ゲン|ロン,ニ|ゲン|ロン,이원론
一元論,イチ|ゲン|ロン,イチ|ゲン|ロン,일원론
意志,イ|シ,イ|シ,의지
感性,カン|セイ,カン|セイ,감성
超越,チョウ|エツ,チョー|エツ,초월
徳,トク,トク,덕
規範,キ|ハン,キ|ハン,규범
人格,ジン|カク,ジン|カク,인격
原理,ゲン|リ,ゲン|リ,원리
前提,ゼン|テイ,ゼン|テイ,전제
類推,ルイ|スイ,ルイ|スイ,유추
天井川,テン|ジョウ|ガワ,テン|ジョー|ガワ,천정천
団塊,ダン|カイ,ダン|カイ,단괴
宝石,ホウ|セキ,ホー|セキ,보석
電撃,デン|ゲキ,デン|ゲキ,전격
照明,ショウ|メイ,ショー|メイ,조명
満塁,マン|ルイ,マン|ルイ,만루
風向,フウ|コウ,フー|コー,풍향
進軍,シン|グン,シン|グン,진군
中立,チュウ|リツ,チュー|リツ,중립
結婚式,ケッ|コン|シキ,ケッ|コン|シキ,결혼식
義和,ヨシ|カズ,ヨシ|カズ,의화
無色,ム|ショク,ム|ショク,무색
溶液,ヨウ|エキ,ヨー|エキ,용액
中興,チュウ|コウ,チュー|コー,중흥
馬具,バ|グ,バ|グ,마구
南朝,ナン|チョウ,ナン|チョー,남조
北朝,ホク|チョウ,ホク|チョー,북조
天頂,テン|チョウ,テン|チョー,천정
執事,シツ|ジ,シツ|ジ,집사
奇跡,キ|セキ,キ|セキ,기적
再臨,サイ|リン,サイ|リン,재림
啓示,ケイ|ジ,ケイ|ジ,계시
仙人,セン|ニン,セン|ニン,선인
道士,ドウ|シ,ドー|シ,도사
如来,ニョ|ライ,ニョ|ライ,여래
五蘊,ゴ|ウン,ゴ|ウン,오온
無我,ム|ガ,ム|ガ,무아
恩寵,オン|チョウ,オン|チョー,은총
摂理,セツ|リ,セツ|リ,섭리
中耳炎,チュウ|ジ|エン,チュー|ジ|エン,중이염
沙門,シャ|モン,シャ|モン,사문
五戒,ゴ|カイ,ゴ|カイ,오계
出家,シュッ|ケ,シュッ|ケ,출가
肝硬変,カン|コウ|ヘン,カン|コー|ヘン,간경변
命婦,ミョウ|ブ,ミョー|ブ,명부
氏族,シ|ゾク,シ|ゾク,씨족
大越,オオ|ゴシ,オー|ゴシ,대월
石綿,イシ|ワタ,イシ|ワタ,석면
四球,シ|キュウ,シ|キュー,사구
経蔵,キョウ|ゾウ,キョー|ゾー,경장
大蔵経,ダイ|ゾウ|キョウ,ダイ|ゾー|キョー,대장경
武道館,ブ|ドウ|カン,ブ|ドー|カン,무도관
火炎瓶,カ|エン|ビン,カ|エン|ビン,화염병
占領,セン|リョウ,セン|リョー,점령
証言,ショウ|ゲン,ショー|ゲン,증언
野党,ヤ|トウ,ヤ|トー,야당
緊急,キン|キュウ,キン|キュー,긴급
逮捕,タイ|ホ,タイ|ホ,체포
燻蒸,クン|ジョウ,クン|ジョー,훈증
峡谷,キョウ|コク,キョー|コク,협곡
侵食,シン|ショク,シン|ショク,침식
貧困,ヒン|コン,ヒン|コン,빈곤
土壌,ド|ジョウ,ド|ジョー,토양
放射能,ホウ|シャ|ノウ,ホー|シャ|ノー,방사능
小脳,ショウ|ノウ,ショー|ノー,소뇌
脊髄,セキ|ズイ,セキ|ズイ,척수
積分,セキ|ブン,セキ|ブン,적분
風船,フウ|セン,フー|セン,풍선
給食,キュウ|ショク,キュー|ショク,급식
幕末,バク|マツ,バク|マツ,막말
婚前,コン|ゼン,コン|ゼン,혼전
作曲,サッ|キョク,サッ|キョク,작곡
代打,ダイ|ダ,ダイ|ダ,대타
南方,ナン|ポウ,ナン|ポー,남방
石刻,セッ|コク,セッ|コク,석각
従軍,ジュウ|グン,ジュー|グン,종군
写本,シャ|ホン,シャ|ホン,사본
東大,トウ|ダイ,トー|ダイ,동대
馬車,バ|シャ,バ|シャ,마차
灯台,トウ|ダイ,トー|ダイ,등대
毛細管,モウ|サイ|カン,モー|サイ|カン,모세관
遠隔,エン|カク,エン|カク,원격
処刑,ショ|ケイ,ショ|ケイ,처형
洋服,ヨウ|フク,ヨー|フク,양복
相続,ソウ|ゾク,ソー|ゾク,상속
蒸留,ジョウ|リュウ,ジョー|リュー,증류
公判,コウ|ハン,コー|ハン,공판
無双,ム|ソウ,ム|ソー,무쌍
真如,シン|ニョ,シン|ニョ,진여
義,ヨシ,ヨシ,의
忠,タダシ,タダシ,충
五常,ゴ|ジョウ,ゴ|ジョー,오상
遣唐使,ケン|トウ|シ,ケン|トー|シ,견당사
無所属,ム|ショ|ゾク,ム|ショ|ゾク,무소속
白色,ハク|ショク,ハク|ショク,백색
打点,ダ|テン,ダ|テン,타점
租界,ソ|カイ,ソ|カイ,조계
借款,シャッ|カン,シャッ|カン,차관
牧畜,ボク|チク,ボク|チク,목축
洗剤,セン|ザイ,セン|ザイ,세제
縮尺,シュク|シャク,シュク|シャク,축척
鳥瞰図,チョウ|カン|ズ,チョー|カン|ズ,조감도
織物,オリ|モノ,オリ|モノ,직물
男娼,ダン|ショウ,ダン|ショー,남창
副詞,フク|シ,フク|シ,부사
実定法,ジッ|テイ|ホウ,ジッ|テイ|ホー,실정법
擬声語,ギ|セイ|ゴ,ギ|セイ|ゴ,의성어
養蜂,ヨウ|ホウ,ヨー|ホー,양봉
景明,カゲ|アキ,カゲ|アキ,경명
専制,セン|セイ,セン|セイ,전제
析出,セキ|シュツ,セキ|シュツ,석출
脾臓,ヒ|ゾウ,ヒ|ゾー,비장
横隔膜,オウ|カク|マク,オー|カク|マク,횡격막
法廷,ホウ|テイ,ホー|テイ,법정
野砲,ヤ|ホウ,ヤ|ホー,야포
孝昌,タカ|マサ,タカ|マサ,효창
高山病,コウ|ザン|ビョウ,コー|ザン|ビョー,고산병
綿実油,メン|ジツ|ユ,メン|ジツ|ユ,면실유
回帰,カイ|キ,カイ|キ,회귀
暗礁,アン|ショウ,アン|ショー,암초
尺度,シャク|ド,シャク|ド,척도
憲兵,ケン|ペイ,ケン|ペイ,헌병
大同,ダイ|ドウ,ダイ|ドー,대동
無煙炭,ム|エン|タン,ム|エン|タン,무연탄
油田,ユ|デン,ユ|デン,유전
襲撃,シュウ|ゲキ,シュー|ゲキ,습격
阿房宮,ア|ボウ|キュウ,ア|ボー|キュー,아방궁
寛容,カン|ヨウ,カン|ヨー,관용
職業病,ショク|ギョウ|ビョウ,ショク|ギョー|ビョー,직업병
人民大会堂,ジン|ミン|ダイ|カイ|ドウ,ジン|ミン|ダイ|カイ|ドー,인민대회당
狭心症,キョウ|シン|ショウ,キョー|シン|ショー,협심증
日本国,ニッ|ポン|コク,ニッ|ポン|コク,일본국
桓公,カン|コウ,カン|コー,환공
蓄積,チク|セキ,チク|セキ,축적
肉眼,ニク|ガン,ニク|ガン,육안
体育館,タイ|イク|カン,タイ|イク|カン,체육관
伝令,デン|レイ,デン|レイ,전령
軍馬,グン|バ,グン|バ,군마
開国,カイ|コク,カイ|コク,개국
語録,ゴ|ロク,ゴ|ロク,어록
中水道,ナカ|スイ|ドウ,ナカ|スイ|ドー,중수도
特異,トク|イ,トク|イ,특이
請願,セイ|ガン,セイ|ガン,청원
電極,デン|キョク,デン|キョク,전극
協約,キョウ|ヤク,キョー|ヤク,협약
肺気腫,ハイ|キ|シュ,ハイ|キ|シュ,폐기종
換算,カン|サン,カン|サン,환산
主筆,シュ|ヒツ,シュ|ヒツ,주필
楽譜,ガク|フ,ガク|フ,악보
中距離,チュウ|キョ|リ,チュー|キョ|リ,중거리
羊皮紙,ヨウ|ヒ|シ,ヨー|ヒ|シ,양피지
形相,ギョウ|ソウ,ギョー|ソー,형상
文体,ブン|タイ,ブン|タイ,문체
不凍液,フ|トウ|エキ,フ|トー|エキ,부동액
象牙,ゾウ|ゲ,ゾー|ゲ,상아
最優秀,サイ|ユウ|シュウ,サイ|ユー|シュー,최우수
序曲,ジョ|キョク,ジョ|キョク,서곡
変動,ヘン|ドウ,ヘン|ドー,변동
平民,ヘイ|ミン,ヘイ|ミン,평민
艦艇,カン|テイ,カン|テイ,함정
蜃気楼,シン|キ|ロウ,シン|キ|ロー,신기루
滑石,カッ|セキ,カッ|セキ,활석
馬主,バ|シュ,バ|シュ,마주
置換,チ|カン,チ|カン,치환
沙悟浄,サ|ゴ|ジョウ,サ|ゴ|ジョー,사오정
東洋,トウ|ヨウ,トー|ヨー,동양
送電,ソウ|デン,ソー|デン,송전
目次,モク|ジ,モク|ジ,목차
夫婦,フウ|フ,フー|フ,부부
四声,シ|セイ,シ|セイ,사성
仮処分,カリ|ショ|ブン,カリ|ショ|ブン,가처분
揚水,ヨウ|スイ,ヨー|スイ,양수
噴火,フン|カ,フン|カ,분화
共犯,キョウ|ハン,キョー|ハン,공범
治療,チ|リョウ,チ|リョー,치료
造幣局,ゾウ|ヘイ|キョク,ゾー|ヘイ|キョク,조폐국
大賞,タイ|ショウ,タイ|ショー,대상
構成,コウ|セイ,コー|セイ,구성
兵家,ヘイ|カ,ヘイ|カ,병가
妥協,ダ|キョウ,ダ|キョー,타협
城市,ジョウ|シ,ジョー|シ,성시
芸名,ゲイ|メイ,ゲイ|メイ,예명
普通,フ|ツウ,フ|ツー,보통
捜索,ソウ|サク,ソー|サク,수색
安新,アン|シン,アン|シン,안신
単打,タン|ダ,タン|ダ,단타
与党,ヨ|トウ,ヨ|トー,여당
部族,ブ|ゾク,ブ|ゾク,부족
種族,シュ|ゾク,シュ|ゾク,종족
緩和,カン|ワ,カン|ワ,완화
等号,トウ|ゴウ,トー|ゴー,등호
水痘,スイ|トウ,スイ|トー,수두
広陽,コウ|ヨウ,コー|ヨー,광양
麻雀,マー|ジャン,マー|ジャン,마작
国王,コク|オウ,コク|オー,국왕
頭痛,ズ|ツウ,ズ|ツー,두통
中陽,チュウ|ヨウ,チュー|ヨー,중양
進化,シン|カ,シン|カ,진화
地籍,チ|セキ,チ|セキ,지적
乙,オツ,オツ,을
軸,ジク,ジク,축
史料,シ|リョウ,シ|リョー,사료
翻案,ホン|アン,ホン|アン,번안
名誉,メイ|ヨ,メイ|ヨ,명예
白旗,ハッ|キ,ハッ|キ,백기
感電,カン|デン,カン|デン,감전
拍車,ハク|シャ,ハク|シャ,박차
麻山,アサ|ヤマ,アサ|ヤマ,마산
幻想曲,ゲン|ソウ|キョク,ゲン|ソー|キョク,환상곡
黒曜石,コク|ヨウ|セキ,コク|ヨー|セキ,흑요석
非常,ヒ|ジョウ,ヒ|ジョー,비상
竹馬,タケ|ウマ,タケ|ウマ,죽마
経学,ケイ|ガク,ケイ|ガク,경학
孝,コウ,コー,효
水冷,スイ|レイ,スイ|レイ,수랭
空冷,クウ|レイ,クー|レイ,공랭
収集,シュウ|シュウ,シュー|シュー,수집
大将軍,ダイ|ショウ|グン,ダイ|ショー|グン,대장군
至徳,シ|トク,シ|トク,지덕
断熱,ダン|ネツ,ダン|ネツ,단열
原始,ゲン|シ,ゲン|シ,원시
制動,セイ|ドウ,セイ|ドー,제동
中山,ナカ|ヤマ,ナカ|ヤマ,중산
議事堂,ギ|ジ|ドウ,ギ|ジ|ドー,의사당
変,ヘン,ヘン,변
合奏,ガッ|ソウ,ガッ|ソー,합주
白米,ハク|マイ,ハク|マイ,백미
江東,コウ|トウ,コー|トー,강동
江西,エ|ニシ,エ|ニシ,강서
江北,コウ|ホク,コー|ホク,강북
花山,ハナ|ヤマ,ハナ|ヤマ,화산
大衆,タイ|シュウ,タイ|シュー,대중
深成岩,シン|セイ|ガン,シン|セイ|ガン,심성암
自己,ジ|コ,ジ|コ,자기
倉山,ク|ラヤマ,ク|ラヤマ,창산
沙,イサゴ,イサゴ,사
四天王,シ|テン|ノウ,シ|テン|ノー,사천왕
大西洋,タイ|セイ|ヨウ,タイ|セイ|ヨー,대서양
降下,コウ|カ,コー|カ,강하
騒動,ソウ|ドウ,ソー|ドー,소동
搬送波,ハン|ソウ|ハ,ハン|ソー|ハ,반송파
研磨,ケン|マ,ケン|マ,연마
凝灰岩,ギョウ|カイ|ガン,ギョー|カイ|ガン,응회암
鑑賞,カン|ショウ,カン|ショー,감상
磨崖仏,マ|ガイ|ブツ,マ|ガイ|ブツ,마애불
魔王,マ|オウ,マ|オー,마왕
冠,カンムリ,カンムリ,관
木橋,モク|キョウ,モク|キョー,목교
語源,ゴ|ゲン,ゴ|ゲン,어원
預託,ヨ|タク,ヨ|タク,예탁
証券,ショウ|ケン,ショー|ケン,증권
麻由美,マ|ユ|ミ,マ|ユ|ミ,마유미
水質,スイ|シツ,スイ|シツ,수질
薬局,ヤッ|キョク,ヤッ|キョク,약국
山陽,サン|ヨウ,サン|ヨー,산양
郷,サト,サト,향
家,カ,カ,가
新,シン,シン,신
光山,コウ|ヤマ,コー|ヤマ,광산
大橋,オオ|ハシ,オー|ハシ,대교
黄土,オウ|ド,オー|ド,황토
蛍光,ケイ|コウ,ケイ|コー,형광
検証,ケン|ショウ,ケン|ショー,검증
北方,ホッ|ポウ,ホッ|ポー,북방
岩塩,ガン|エン,ガン|エン,암염
暴力,ボウ|リョク,ボー|リョク,폭력
外反母趾,ガイ|ハン|ボ|シ,ガイ|ハン|ボ|シ,외반모지
黒船,ク|ロフネ,ク|ロフネ,흑선
震源,シン|ゲン,シン|ゲン,진원
震央,シン|オウ,シン|オー,진앙
高性能,コウ|セイ|ノウ,コー|セイ|ノー,고성능
同級生,ドウ|キュウ|セイ,ドー|キュー|セイ,동급생
端午,タン|ゴ,タン|ゴ,단오
学院,ガク|イン,ガク|イン,학원
緩衝,カン|ショウ,カン|ショー,완충
陽春,ヨウ|シュン,ヨー|シュン,양춘
陰極線,イン|キョク|セン,イン|キョク|セン,음극선
新津,ニイ|ツ,ニー|ツ,신진
乾電池,カン|デン|チ,カン|デン|チ,건전지
人名,ジン|メイ,ジン|メイ,인명
制服,セイ|フク,セイ|フク,제복
安,ヤス,ヤス,안
腺,セン,セン,선
広安,ヒロ|ヤス,ヒロ|ヤス,광안
傭兵,ヨウ|ヘイ,ヨー|ヘイ,용병
表,ヒョウ,ヒョー,표
合法,ゴウ|ホウ,ゴー|ホー,합법
正安,マサ|ヤス,マサ|ヤス,정안
子宮,シ|キュウ,シ|キュー,자궁
実像,ジツ|ゾウ,ジツ|ゾー,실상
多磨,タ|マ,タ|マ,다마
専用,セン|ヨウ,セン|ヨー,전용
不全,フ|ゼン,フ|ゼン,부전
水準,スイ|ジュン,スイ|ジュン,수준
芒,ススキ,ススキ,망
工房,コウ|ボウ,コー|ボー,공방
沈没,チン|ボツ,チン|ボツ,침몰
沖積,チュウ|セキ,チュー|セキ,충적
洋,ヨウ,ヨー,양
受動態,ジュ|ドウ|タイ,ジュ|ドー|タイ,수동태
馬山,マ|ヤマ,マ|ヤマ,마산
天平,テン|ピョウ,テン|ピョー,천평
興和,コウ|ワ,コー|ワ,흥화
平炉,ヘイ|ロ,ヘイ|ロ,평로
中隊,チュウ|タイ,チュー|タイ,중대
大隊,ダイ|タイ,ダイ|タイ,대대
吸収,キュウ|シュウ,キュー|シュー,흡수
母集団,ボ|シュウ|ダン,ボ|シュー|ダン,모집단
改名,カイ|メイ,カイ|メイ,개명
畜産,チク|サン,チク|サン,축산
十二指腸,ジュウ|ニ|シ|チョウ,ジュー|ニ|シ|チョー,십이지장
日光浴,ニッ|コウ|ヨク,ニッ|コー|ヨク,일광욕
結腸,ケッ|チョウ,ケッ|チョー,결장
旗,ハタ,ハタ,기
盲腸,モウ|チョウ,モー|チョー,맹장
直腸,チョク|チョウ,チョク|チョー,직장
虫垂炎,チュウ|スイ|エン,チュー|スイ|エン,충수염
虫垂,チュウ|スイ,チュー|スイ,충수
野獣,ヤ|ジュウ,ヤ|ジュー,야수
学園,ガク|エン,ガク|エン,학원
水溶液,スイ|ヨウ|エキ,スイ|ヨー|エキ,수용액
半両銭,ハン|リョウ|ゼニ,ハン|リョー|ゼニ,반량전
天和,テン|ワ,テン|ワ,천화
並列,ヘイ|レツ,ヘイ|レツ,병렬
北江,ホッ|コウ,ホッ|コー,북강
対面,タイ|メン,タイ|メン,대면
方解石,ホウ|カイ|セキ,ホー|カイ|セキ,방해석
天保,テン|ポウ,テン|ポー,천보
地獄変,ジ|ゴク|ヘン,ジ|ゴク|ヘン,지옥변
短編,タン|ペン,タン|ペン,단편
事前,ジ|ゼン,ジ|ゼン,사전
収斂,シュウ|レン,シュー|レン,수렴
非常口,ヒ|ジョウ|グチ,ヒ|ジョー|グチ,비상구
漁船,ギョ|セン,ギョ|セン,어선
見本市,ミ|ホン|イチ,ミ|ホン|イチ,견본시
大業,オオ|ワザ,オー|ワザ,대업
武徳,ブ|トク,ブ|トク,무덕
有刺鉄線,ユウ|シ|テッ|セン,ユー|シ|テッ|セン,유자철선
食糧,ショク|リョウ,ショク|リョー,식량
胎盤,タイ|バン,タイ|バン,태반
燻製,クン|セイ,クン|セイ,훈제
夜間,ヤ|カン,ヤ|カン,야간
砂嘴,サ|シ,サ|シ,사취
防波堤,ボウ|ハ|テイ,ボー|ハ|テイ,방파제
戦記,セン|キ,セン|キ,전기
商人,ショウ|ニン,ショー|ニン,상인
高地,コウ|チ,コー|チ,고지
狂犬病,キョウ|ケン|ビョウ,キョー|ケン|ビョー,광견병
童話,ドウ|ワ,ドー|ワ,동화
雑草,ザッ|ソウ,ザッ|ソー,잡초
用語,ヨウ|ゴ,ヨー|ゴ,용어
賭博,ト|バク,ト|バク,도박
中学生,チュウ|ガク|セイ,チュー|ガク|セイ,중학생
薄暮,ハク|ボ,ハク|ボ,박모
蓄電池,チク|デン|チ,チク|デン|チ,축전지
国防情報局,コク|ボウ|ジョウ|ホウ|キョク,コク|ボー|ジョー|ホー|キョク,국방정보국
長生,チョウ|セイ,チョー|セイ,장생
港,コウ,コー,항
崇拝,スウ|ハイ,スー|ハイ,숭배
対称,タイ|ショウ,タイ|ショー,대칭
貴公子,キ|コウ|シ,キ|コー|シ,귀공자
法輪,ホウ|リン,ホー|リン,법륜
主語,シュ|ゴ,シュ|ゴ,주어
固定,コ|テイ,コ|テイ,고정
白蛇,シロ|ヘビ,シロ|ヘビ,백사
半径,ハン|ケイ,ハン|ケイ,반경
農地,ノウ|チ,ノー|チ,농지
玉砕,ギョク|サイ,ギョク|サイ,옥쇄
三景,サン|ケイ,サン|ケイ,삼경
久世,ク|セ,ク|セ,구세
南部,ナン|ブ,ナン|ブ,남부
巡航,ジュン|コウ,ジュン|コー,순항
黒色,コク|ショク,コク|ショク,흑색
正統,セイ|トウ,セイ|トー,정통
遺書,イ|ショ,イ|ショ,유서
炎症,エン|ショウ,エン|ショー,염증
安堵,アン|ド,アン|ド,안도
雪山,ユキ|ヤマ,ユキ|ヤマ,설산
添付,テン|プ,テン|プ,첨부
骨盤,コツ|バン,コツ|バン,골반
実録,ジツ|ロク,ジツ|ロク,실록
意思,イ|シ,イ|シ,의사
前方後円墳,ゼン|ポウ|コウ|エン|フン,ゼン|ポー|コー|エン|フン,전방후원분
高野,タカ|ノ,タカ|ノ,고야
習慣,シュウ|カン,シュー|カン,습관
普遍,フ|ヘン,フ|ヘン,보편
唯名論,ユイ|メイ|ロン,ユイ|メイ|ロン,유명론
椎間板,ツイ|カン|バン,ツイ|カン|バン,추간판
軟骨,ナン|コツ,ナン|コツ,연골
家具,カ|グ,カ|グ,가구
数式,スウ|シキ,スー|シキ,수식
条項,ジョウ|コウ,ジョー|コー,조항
官庁,カン|チョウ,カン|チョー,관청
伊那,イ|ナ,イ|ナ,이나
文脈,ブン|ミャク,ブン|ミャク,문맥
堆積,タイ|セキ,タイ|セキ,퇴적
南宮,ナン|グウ,ナン|グー,남궁
必須,ヒッ|ス,ヒッ|ス,필수
河口,カ|コウ,カ|コー,하구
水系,スイ|ケイ,スイ|ケイ,수계
湖沼,コ|ショウ,コ|ショー,호소
枢密院,スウ|ミツ|イン,スー|ミツ|イン,추밀원
世羅,セ|ラ,セ|ラ,세라
銃砲,ジュウ|ホウ,ジュー|ホー,총포
知的,チ|テキ,チ|テキ,지적
玖珂,ク|ガ,ク|ガ,구가
水車,スイ|シャ,スイ|シャ,수차
水上,ミズ|カミ,ミズ|カミ,수상
主題,シュ|ダイ,シュ|ダイ,주제
優勢,ユウ|セイ,ユー|セイ,우세
呪文,ジュ|モン,ジュ|モン,주문
水圏,スイ|ケン,スイ|ケン,수권
探究,タン|キュウ,タン|キュー,탐구
監獄,カン|ゴク,カン|ゴク,감옥
饗宴,キョウ|エン,キョー|エン,향연
加美,カ|ミ,カ|ミ,가미
伊具,イ|グ,イ|グ,이구
検事,ケン|ジ,ケン|ジ,검사
翰林院,カン|リン|イン,カン|リン|イン,한림원
偶像,グウ|ゾウ,グー|ゾー,우상
選民,セン|ミン,セン|ミン,선민
心身,シン|シン,シン|シン,심신
耶麻,ヤ|マ,ヤ|マ,야마
行為,コウ|イ,コー|イ,행위
爆竹,バク|チク,バク|チク,폭죽
茶道,サ|ドウ,サ|ドー,다도
兵站,ヘイ|タン,ヘイ|タン,병참
出兵,シュッ|ペイ,シュッ|ペイ,출병
衝撃波,ショウ|ゲキ|ハ,ショー|ゲキ|ハ,충격파
体温,タイ|オン,タイ|オン,체온
鶏肋,ケイ|ロク,ケイ|ロク,계륵
五感,ゴ|カン,ゴ|カン,오감
山地,サン|チ,サン|チ,산지
奥羽,オウ|ウ,オー|ウ,오우
心理,シン|リ,シン|リ,심리
左岸,サ|ガン,サ|ガン,좌안
右岸,ウ|ガン,ウ|ガン,우안
検定,ケン|テイ,ケン|テイ,검정
形状,ケイ|ジョウ,ケイ|ジョー,형상
複合,フク|ゴウ,フク|ゴー,복합
材料,ザイ|リョウ,ザイ|リョー,재료
美馬,ミ|マ,ミ|マ,미마
技術,ギ|ジュツ,ギ|ジュツ,기술
作詞,サク|シ,サク|シ,작사
終端,シュウ|タン,シュー|タン,종단
前頭葉,ゼン|トウ|ヨウ,ゼン|トー|ヨー,전두엽
親和力,シン|ワ|リョク,シン|ワ|リョク,친화력
密輸,ミツ|ユ,ミツ|ユ,밀수
宇美,ウ|ミ,ウ|ミ,우미
飽和,ホウ|ワ,ホー|ワ,포화
鋳鉄,チュウ|テツ,チュー|テツ,주철
夢精,ム|セイ,ム|セイ,몽정
宇土,ウ|ト,ウ|ト,우토
阿蘇,ア|ソ,ア|ソ,아소
球磨,ク|マ,ク|マ,구마
結果,ケッ|カ,ケッ|カ,결과
安全,アン|ゼン,アン|ゼン,안전
琺瑯,ホウ|ロウ,ホー|ロー,법랑
公孫,コウ|ソン,コー|ソン,공손
無知,ム|チ,ム|チ,무지
機雷,キ|ライ,キ|ライ,기뢰
工芸,コウ|ゲイ,コー|ゲイ,공예
文房具,ブン|ボウ|グ,ブン|ボー|グ,문방구
新報,シン|ポウ,シン|ポー,신보
塗料,ト|リョウ,ト|リョー,도료
債務,サイ|ム,サイ|ム,채무
疲労,ヒ|ロウ,ヒ|ロー,피로
気圧,キ|アツ,キ|アツ,기압
氷原,ヒョウ|ゲン,ヒョー|ゲン,빙원
曹洞宗,ソウ|トウ|シュウ,ソー|トー|シュー,조동종
浄土真宗,ジョウ|ド|シン|シュウ,ジョー|ド|シン|シュー,정토진종
看板,カン|バン,カン|バン,간판
吉蔵,ヨシ|ゾウ,ヨシ|ゾー,길장
腐食,フ|ショク,フ|ショク,부식
罪,ツミ,ツミ,죄
侵略,シン|リャク,シン|リャク,침략
真言宗,シン|ゴン|シュウ,シン|ゴン|シュー,진언종
時点,ジ|テン,ジ|テン,시점
消防,ショウ|ボウ,ショー|ボー,소방
被選挙権,ヒ|セン|キョ|ケン,ヒ|セン|キョ|ケン,피선거권
防共,ボウ|キョウ,ボー|キョー,방공
華中,カ|チュウ,カ|チュー,화중
堤川,ツツミ|カワ,ツツミ|カワ,제천
静電気,セイ|デン|キ,セイ|デン|キ,정전기
雅楽,ガ|ガク,ガ|ガク,아악
鋼鉄,コウ|テツ,コー|テツ,강철
冒険,ボウ|ケン,ボー|ケン,모험
軍縮,グン|シュク,グン|シュク,군축
切削,セッ|サク,セッ|サク,절삭
工具,コウ|グ,コー|グ,공구
赤軍,セキ|グン,セキ|グン,적군
発現,ハツ|ゲン,ハツ|ゲン,발현
副腎,フク|ジン,フク|ジン,부신
久保,ク|ボ,ク|ボ,구보
腹式呼吸,フク|シキ|コ|キュウ,フク|シキ|コ|キュー,복식호흡
重複,ジュウ|フク,ジュー|フク,중복
靭帯,ジン|タイ,ジン|タイ,인대
槐,エン,エン,괴
小甲,コ|カブト,コ|カブト,소갑
中丁,ナカ|チョウ,ナカ|チョー,중정
極大,キョク|ダイ,キョク|ダイ,극대
共和,キョウ|ワ,キョー|ワ,공화
快速,カイ|ソク,カイ|ソク,쾌속
紋章,モン|ショウ,モン|ショー,문장
伝道,デン|ドウ,デン|ドー,전도
妄想,モウ|ソウ,モー|ソー,망상
南蛮,ナン|バン,ナン|バン,남만
中正,チュウ|セイ,チュー|セイ,중정
走行,ソウ|コウ,ソー|コー,주행
中,チュウ,チュー,중
岡山,オカ|ヤマ,オカ|ヤマ,강산
頭脳,ズ|ノウ,ズ|ノー,두뇌
万国,バン|コク,バン|コク,만국
地帯,チ|タイ,チ|タイ,지대
事務所,ジ|ム|ショ,ジ|ム|ショ,사무소
事業,ジ|ギョウ,ジ|ギョー,사업
中米,チュウ|ベイ,チュー|ベイ,중미
関山,セキ|ヤマ,セキ|ヤマ,관산
形成,ケイ|セイ,ケイ|セイ,형성
浚渫,シュン|セツ,シュン|セツ,준설
前科,ゼン|カ,ゼン|カ,전과
併合,ヘイ|ゴウ,ヘイ|ゴー,병합
試行錯誤,シ|コウ|サク|ゴ,シ|コー|サク|ゴ,시행착오
攻勢,コウ|セイ,コー|セイ,공세
洪成南,コウ|セイ|ナン,コー|セイ|ナン,홍성남
銃,ジュウ,ジュー,총
監査,カン|サ,カン|サ,감사
人,ジン,ジン,인
團,ダン,ダン,단
管区,カン|ク,カン|ク,관구
官房,カン|ボウ,カン|ボー,관방
権謀術数,ケン|ボウ|ジュッ|スウ,ケン|ボー|ジュッ|スー,권모술수
要人,ヨウ|ジン,ヨー|ジン,요인
配色,ハイ|ショク,ハイ|ショク,배색
北部,ホク|ブ,ホク|ブ,북부
中部,チュウ|ブ,チュー|ブ,중부
結集,ケッ|シュウ,ケッ|シュー,결집
失明,シツ|メイ,シツ|メイ,실명
発熱,ハツ|ネツ,ハツ|ネツ,발열
剣舞,ケン|ブ,ケン|ブ,검무
工事,コウ|ジ,コー|ジ,공사
部門,ブ|モン,ブ|モン,부문
下級,カ|キュウ,カ|キュー,하급
官吏,カン|リ,カン|リ,관리
組合,ク|ミアイ,ク|ミアイ,조합
上皮,ジョウ|ヒ,ジョー|ヒ,상피
光州,コウ|シュウ,コー|シュー,광주
要素,ヨウ|ソ,ヨー|ソ,요소
破門,ハ|モン,ハ|モン,파문
弓術,キュウ|ジュツ,キュー|ジュツ,궁술
千里眼,セン|リ|ガン,セン|リ|ガン,천리안
関連,カン|レン,カン|レン,관련
法服,ホウ|フク,ホー|フク,법복
完投,カン|トウ,カン|トー,완투
失策,シッ|サク,シッ|サク,실책
接線,セッ|セン,セッ|セン,접선
死活,シ|カツ,シ|カツ,사활
予知,ヨ|チ,ヨ|チ,예지
実効,ジッ|コウ,ジッ|コー,실효
支配,シ|ハイ,シ|ハイ,지배
行軍,コウ|グン,コー|グン,행군
犠牲,ギ|セイ,ギ|セイ,희생
聖火,セイ|カ,セイ|カ,성화
水域,スイ|イキ,スイ|イキ,수역
王位,オウ|イ,オー|イ,왕위
継承,ケイ|ショウ,ケイ|ショー,계승
順位,ジュン|イ,ジュン|イ,순위
比重,ヒ|ジュウ,ヒ|ジュー,비중
船長,セン|チョウ,セン|チョー,선장
電磁石,デン|ジ|シャク,デン|ジ|シャク,전자석
勝利,ショウ|リ,ショー|リ,승리
暴投,ボウ|トウ,ボー|トー,폭투
餃子,ギョウ|ザ,ギョー|ザ,교자
香,コウ,コー,향
帝位,テイ|イ,テイ|イ,제위
寒冷,カン|レイ,カン|レイ,한랭
戦後,セン|ゴ,セン|ゴ,전후
回遊,カイ|ユウ,カイ|ユー,회유
変位,ヘン|イ,ヘン|イ,변위
鉄橋,テッ|キョウ,テッ|キョー,철교
予告編,ヨ|コク|ヘン,ヨ|コク|ヘン,예고편
昇天,ショウ|テン,ショー|テン,승천
征伐,セイ|バツ,セイ|バツ,정벌
光武,ミツ|タケ,ミツ|タケ,광무
紡錘,ボウ|スイ,ボー|スイ,방추
段落,ダン|ラク,ダン|ラク,단락
主題歌,シュ|ダイ|カ,シュ|ダイ|カ,주제가
洋菓子,ヨウ|ガ|シ,ヨー|ガ|シ,양과자
最前線,サイ|ゼン|セン,サイ|ゼン|セン,최전선
二人三脚,ニ|ニン|サン|キャク,ニ|ニン|サン|キャク,이인삼각
運動会,ウン|ドウ|カイ,ウン|ドー|カイ,운동회
階段,カイ|ダン,カイ|ダン,계단
妖精,ヨウ|セイ,ヨー|セイ,요정
可憐,カ|レン,カ|レン,가련
全国,ゼン|コク,ゼン|コク,전국
膝蓋骨,シツ|ガイ|コツ,シツ|ガイ|コツ,슬개골
地熱,チ|ネツ,チ|ネツ,지열
死票,シ|ヒョウ,シ|ヒョー,사표
上水道,ジョウ|スイ|ドウ,ジョー|スイ|ドー,상수도
下水道,ゲ|スイ|ドウ,ゲ|スイ|ドー,하수도
許,モト,モト,허
農工,ノウ|コウ,ノー|コー,농공
風林火山,フウ|リン|カ|ザン,フー|リン|カ|ザン,풍림화산
白地図,ハク|チ|ズ,ハク|チ|ズ,백지도
水葬,スイ|ソウ,スイ|ソー,수장
埋葬,マイ|ソウ,マイ|ソー,매장
外傷,ガイ|ショウ,ガイ|ショー,외상
行事,ギョウ|ジ,ギョー|ジ,행사
孤児,コ|ジ,コ|ジ,고아
鉱山,コウ|ザン,コー|ザン,광산
漁港,ギョ|コウ,ギョ|コー,어항
家督,カ|トク,カ|トク,가독
水生,スイ|セイ,スイ|セイ,수생
十八番,ジュウ|ハチ|バン,ジュー|ハチ|バン,십팔번
少年院,ショウ|ネン|イン,ショー|ネン|イン,소년원
速記,ソッ|キ,ソッ|キ,속기
舞台,ブ|タイ,ブ|タイ,무대
消火栓,ショウ|カ|セン,ショー|カ|セン,소화전
出欠,シュッ|ケツ,シュッ|ケツ,출결
凱旋,ガイ|セン,ガイ|セン,개선
醸造,ジョウ|ゾウ,ジョー|ゾー,양조
裕,ヒロシ,ヒロシ,유
禁煙,キン|エン,キン|エン,금연
東駅,ヒガシ|エキ,ヒガシ|エキ,동역
潜望鏡,セン|ボウ|キョウ,セン|ボー|キョー,잠망경
性格,セイ|カク,セイ|カク,성격
主人公,シュ|ジン|コウ,シュ|ジン|コー,주인공
店,テン,テン,점
鼻炎,ビ|エン,ビ|エン,비염
官邸,カン|テイ,カン|テイ,관저
虐待,ギャク|タイ,ギャク|タイ,학대
衝動,ショウ|ドウ,ショー|ドー,충동
壊血病,カイ|ケツ|ビョウ,カイ|ケツ|ビョー,괴혈병
知恵,チ|エ,チ|エ,지혜
入学,ニュウ|ガク,ニュー|ガク,입학
赤潮,アカ|シオ,アカ|シオ,적조
運命,ウン|メイ,ウン|メイ,운명
航続,コウ|ゾク,コー|ゾク,항속
意味,イ|ミ,イ|ミ,의미
北米,ホク|ベイ,ホク|ベイ,북미
家計調査,カ|ケイ|チョウ|サ,カ|ケイ|チョー|サ,가계조사
地下街,チ|カ|ガイ,チ|カ|ガイ,지하가
地下道,チ|カ|ドウ,チ|カ|ドー,지하도
通路,ツウ|ロ,ツー|ロ,통로
地下,チ|カ,チ|カ,지하
調査,チョウ|サ,チョー|サ,조사
肖像,ショウ|ゾウ,ショー|ゾー,초상
国富,コク|フ,コク|フ,국부
騒擾,ソウ|ジョウ,ソー|ジョー,소요
粘膜,ネン|マク,ネン|マク,점막
表情,ヒョウ|ジョウ,ヒョー|ジョー,표정
注意,チュウ|イ,チュー|イ,주의
耐性,タイ|セイ,タイ|セイ,내성
黄色,キ|イロ,キ|イロ,황색
送致,ソウ|チ,ソー|チ,송치
廃墟,ハイ|キ,ハイ|キ,폐허
体感,タイ|カン,タイ|カン,체감
回送,カイ|ソウ,カイ|ソー,회송
三輪車,サン|リン|シャ,サン|リン|シャ,삼륜차
壊死,エシ|,エシ|,괴사
激変,ゲキ|ヘン,ゲキ|ヘン,격변
区役所,ク|ヤク|ショ,ク|ヤク|ショ,구역소
水中翼船,スイ|チュウ|ヨク|セン,スイ|チュー|ヨク|セン,수중익선
同時,ドウ|ジ,ドー|ジ,동시
長老,チョウ|ロウ,チョー|ロー,장로
樟脳,ショウ|ノウ,ショー|ノー,장뇌
屈性,クッ|セイ,クッ|セイ,굴성
語,ゴ,ゴ,어
撮影,サツ|エイ,サツ|エイ,촬영
音色,ネ|イロ,ネ|イロ,음색
打数,ダ|スウ,ダ|スー,타수
打席,ダ|セキ,ダ|セキ,타석
総譜,ソウ|フ,ソー|フ,총보
守護,シュ|ゴ,シュ|ゴ,수호
聖人,セイ|ジン,セイ|ジン,성인
浮力,フ|リョク,フ|リョク,부력
野望,ヤ|ボウ,ヤ|ボー,야망
倉庫,ソウ|コ,ソー|コ,창고
僭主,セン|シュ,セン|シュ,참주
戦術,セン|ジュツ,セン|ジュツ,전술
霊園,レイ|エン,レイ|エン,령원
新村,ニイ|ムラ,ニー|ムラ,신촌
喉頭,コウ|トウ,コー|トー,후두
孤独,コ|ドク,コ|ドク,고독
木版,モク|ハン,モク|ハン,목판
胡,エビス,エビス,호
裕也,ユウ|ヤ,ユー|ヤ,유야
白鳥,ハク|チョウ,ハク|チョー,백조
輸血,ユ|ケツ,ユ|ケツ,수혈
放浪,ホウ|ロウ,ホー|ロー,방랑
銃口,ジュウ|コウ,ジュー|コー,총구
市役所,シ|ヤク|ショ,シ|ヤク|ショ,시역소
鬼畜,キ|チク,キ|チク,귀축
直轄,チョッ|カツ,チョッ|カツ,직할
月琴,ゲッ|キン,ゲッ|キン,월금
方向,ホウ|コウ,ホー|コー,방향
誓約,セイ|ヤク,セイ|ヤク,서약
境界,キョウ|カイ,キョー|カイ,경계
乗用車,ジョウ|ヨウ|シャ,ジョー|ヨー|シャ,승용차
元老,ゲン|ロウ,ゲン|ロー,원로
宮城,ミヤ|ギ,ミヤ|ギ,궁성
御真影,ゴ|シン|エイ,ゴ|シン|エイ,어진영
移住,イ|ジュウ,イ|ジュー,이주
烏江,カラス|エ,カラス|エ,오강
収益,シュウ|エキ,シュー|エキ,수익
超人,チョウ|ジン,チョー|ジン,초인
茶室,チャ|シツ,チャ|シツ,다실
茶房,サ|ボウ,サ|ボー,다방
制約,セイ|ヤク,セイ|ヤク,제약
充足,ジュウ|ソク,ジュー|ソク,충족
出血,シュッ|ケツ,シュッ|ケツ,출혈
呼吸,コ|キュウ,コ|キュー,호흡
爆撃,バク|ゲキ,バク|ゲキ,폭격
外伝,ガイ|デン,ガイ|デン,외전
原作,ゲン|サク,ゲン|サク,원작
絶望,ゼツ|ボウ,ゼツ|ボー,절망
黄疸,オウ|ダン,オー|ダン,황달
血球,ケッ|キュウ,ケッ|キュー,혈구
三界,サン|ガイ,サン|ガイ,삼계
支線,シ|セン,シ|セン,지선
私塾,シ|ジュク,シ|ジュク,사숙
出演,シュツ|エン,シュツ|エン,출연
告白,コク|ハク,コク|ハク,고백
因縁,イン|ネン,イン|ネン,인연
末法,マッ|ポウ,マッ|ポー,말법
思想,シ|ソウ,シ|ソー,사상
正徳,マサ|ノリ,マサ|ノリ,정덕
弘治,コウ|ジ,コー|ジ,홍치
野蛮,ヤ|バン,ヤ|バン,야만
太陽年,タイ|ヨウ|ネン,タイ|ヨー|ネン,태양년
短刀,タン|トウ,タン|トー,단도
銃剣,ジュウ|ケン,ジュー|ケン,총검
潜水,セン|スイ,セン|スイ,잠수
標題,ヒョウ|ダイ,ヒョー|ダイ,표제
成年,セイ|ネン,セイ|ネン,성년
桂馬,ケイ|マ,ケイ|マ,계마
住所,ジュウ|ショ,ジュー|ショ,주소
檀,ダン,ダン,단
親子,オヤ|コ,オヤ|コ,친자
後見,コウ|ケン,コー|ケン,후견
扶養,フ|ヨウ,フ|ヨー,부양
農学,ノウ|ガク,ノー|ガク,농학
政変,セイ|ヘン,セイ|ヘン,정변
信条,シン|ジョウ,シン|ジョー,신조
受粉,ジュ|フン,ジュ|フン,수분
学術,ガク|ジュツ,ガク|ジュツ,학술
中年,チュウ|ネン,チュー|ネン,중년
乳母,オン|バ,オン|バ,유모
地震動,ジ|シン|ドウ,ジ|シン|ドー,지진동
日常,ニチ|ジョウ,ニチ|ジョー,일상
護法,ゴ|ホウ,ゴ|ホー,호법
病,ビョウ,ビョー,병
坐禅,ザ|ゼン,ザ|ゼン,좌선
偽造,ギ|ゾウ,ギ|ゾー,위조
局所,キョク|ショ,キョク|ショ,국소
菩薩戒,ボ|サツ|カイ,ボ|サツ|カイ,보살계
勇気,ユウ|キ,ユー|キ,용기
美術,ビ|ジュツ,ビ|ジュツ,미술
脚注,キャク|チュウ,キャク|チュー,각주
最大,サイ|ダイ,サイ|ダイ,최대
事後,ジ|ゴ,ジ|ゴ,사후
薬剤,ヤク|ザイ,ヤク|ザイ,약제
結膜炎,ケツ|マク|エン,ケツ|マク|エン,결막염
信頼,シン|ライ,シン|ライ,신뢰
反,ハン,ハン,반
勢力,セイ|リョク,セイ|リョク,세력
大量,タイ|リョウ,タイ|リョー,대량
仏性,ブッ|ショウ,ブッ|ショー,불성
宇宙塵,ウ|チュウ|ジン,ウ|チュー|ジン,우주진
胃酸,イ|サン,イ|サン,위산
避雷針,ヒ|ライ|シン,ヒ|ライ|シン,피뢰침
堤防,テイ|ボウ,テイ|ボー,제방
融解,ユウ|カイ,ユー|カイ,융해
肝不全,カン|フ|ゼン,カン|フ|ゼン,간부전
性感,セイ|カン,セイ|カン,성감
手裏剣,シュ|リ|ケン,シュ|リ|ケン,수리검
石灰,セッ|カイ,セッ|カイ,석회
混同,コン|ドウ,コン|ドー,혼동
定常,テイ|ジョウ,テイ|ジョー,정상
外部,ガイ|ブ,ガイ|ブ,외부
始皇帝,シ|コウ|テイ,シ|コー|テイ,시황제
補佐,ホ|サ,ホ|サ,보좌
発話,ハツ|ワ,ハツ|ワ,발화
行進,コウ|シン,コー|シン,행진
目標,モク|ヒョウ,モク|ヒョー,목표
単行本,タン|コウ|ボン,タン|コー|ボン,단행본
和紙,ワ|シ,ワ|シ,화지
校長,コウ|チョウ,コー|チョー,교장
国債,コク|サイ,コク|サイ,국채
漁網,ギョ|モウ,ギョ|モー,어망
活性炭,カッ|セイ|タン,カッ|セイ|タン,활성탄
感染,カン|セン,カン|セン,감염
食堂,ショク|ドウ,ショク|ドー,식당
外戚,ガイ|セキ,ガイ|セキ,외척
正犯,セイ|ハン,セイ|ハン,정범
脳腫瘍,ノウ|シュ|ヨウ,ノー|シュ|ヨー,뇌종양
人物,ジン|ブツ,ジン|ブツ,인물
拗音,ヨウ|オン,ヨー|オン,요음
索引,サク|イン,サク|イン,색인
企業,キ|ギョウ,キ|ギョー,기업
短期,タン|キ,タン|キ,단기
出入口,デ|イリ|グチ,デ|イリ|グチ,출입구
創発,ソウ|ハツ,ソー|ハツ,창발
親日,シン|ニチ,シン|ニチ,친일
捕食,ホ|ショク,ホ|ショク,포식
国璽,コク|ジ,コク|ジ,국새
上下,ジョウ|ゲ,ジョー|ゲ,상하
浴場,ヨク|ジョウ,ヨク|ジョー,욕장
姦淫,カン|イン,カン|イン,간음
船員,セン|イン,セン|イン,선원
貴族,キ|ゾク,キ|ゾク,귀족
本願,ホン|ガン,ホン|ガン,본원
斑,ムラ,ムラ,반
帝王,テイ|オウ,テイ|オー,제왕
栄養士,エイ|ヨウ|シ,エイ|ヨー|シ,영양사
議員,ギ|イン,ギ|イン,의원
語彙,ゴ|イ,ゴ|イ,어휘
仏像,ブツ|ゾウ,ブツ|ゾー,불상
堆,ウズタカ,ウズタカ,퇴
予備校,ヨ|ビ|コウ,ヨ|ビ|コー,예비교
客土,カク|ド,カク|ド,객토
風食,フウ|ショク,フー|ショク,풍식
尊号,ソン|ゴウ,ソン|ゴー,존호
法帖,ホウ|ジョウ,ホー|ジョー,법첩
篆刻,テン|コク,テン|コク,전각
表具,ヒョウ|グ,ヒョー|グ,표구
興信所,コウ|シン|ジョ,コー|シン|ジョ,흥신소
観音島,カン|ノン|ジマ,カン|ノン|ジマ,관음도
慢性,マン|セイ,マン|セイ,만성
化身,ケ|シン,ケ|シン,화신
参政,サン|セイ,サン|セイ,참정
曲面,キョク|メン,キョク|メン,곡면
粘板岩,ネン|バン|ガン,ネン|バン|ガン,점판암
自治領,ジ|チ|リョウ,ジ|チ|リョー,자치령
裁決,サイ|ケツ,サイ|ケツ,재결
下野,ゲ|ヤ,ゲ|ヤ,하야
美紗,ミ|サ,ミ|サ,미사
編曲,ヘン|キョク,ヘン|キョク,편곡
純潔,ジュン|ケツ,ジュン|ケツ,순결
極右,キョク|ウ,キョク|ウ,극우
善意,ゼン|イ,ゼン|イ,선의
回転,カイ|テン,カイ|テン,회전
軍用,グン|ヨウ,グン|ヨー,군용
国号,コク|ゴウ,コク|ゴー,국호
称号,ショウ|ゴウ,ショー|ゴー,칭호
法師,ホウ|シ,ホー|シ,법사
千,セン,セン,천
合衆国,ガッ|シュウ|コク,ガッ|シュー|コク,합중국
兵役,ヘイ|エキ,ヘイ|エキ,병역
中編,チュウ|ヘン,チュー|ヘン,중편
介入,カイ|ニュウ,カイ|ニュー,개입
宣誓,セン|セイ,セン|セイ,선서
悪夢,アク|ム,アク|ム,악몽
警笛,ケイ|テキ,ケイ|テキ,경적
胆石,タン|セキ,タン|セキ,담석
旋盤,セン|バン,セン|バン,선반
特急,トッ|キュウ,トッ|キュー,특급
上昇,ジョウ|ショウ,ジョー|ショー,상승
錯覚,サッ|カク,サッ|カク,착각
一騎当千,イッ|キ|トウ|セン,イッ|キ|トー|セン,일기당천
幻覚,ゲン|カク,ゲン|カク,환각
学生,ガク|セイ,ガク|セイ,학생
官僚,カン|リョウ,カン|リョー,관료
水中,スイ|チュウ,スイ|チュー,수중
麻酔,マ|スイ,マ|スイ,마취
夜叉,ヤ|シ,ヤ|シ,야차
属領,ゾク|リョウ,ゾク|リョー,속령
地鎮祭,ジ|チン|サイ,ジ|チン|サイ,지진제
検疫,ケン|エキ,ケン|エキ,검역
学科,ガッ|カ,ガッ|カ,학과
建国,ケン|コク,ケン|コク,건국
占拠,セン|キョ,セン|キョ,점거
寝室,シン|シツ,シン|シツ,침실
車庫,シャ|コ,シャ|コ,차고
書斎,ショ|サイ,ショ|サイ,서재
玄関,ゲン|カン,ゲン|カン,현관
暗室,アン|シツ,アン|シツ,암실
密室,ミッ|シツ,ミッ|シツ,밀실
敬礼,ケイ|レイ,ケイ|レイ,경례
皇族,コウ|ゾク,コー|ゾク,황족
装身具,ソウ|シン|グ,ソー|シン|グ,장신구
絆創膏,バン|ソウ|コウ,バン|ソー|コー,반창고
単項,タン|コウ,タン|コー,단항
実写,ジッ|シャ,ジッ|シャ,실사
行幸,ギョウ|コウ,ギョー|コー,행행
排尿,ハイ|ニョウ,ハイ|ニョー,배뇨
血尿,ケツ|ニョウ,ケツ|ニョー,혈뇨
二期作,ニ|キ|サク,ニ|キ|サク,이기작
粘土,ネン|ド,ネン|ド,점토
貨物,カ|モツ,カ|モツ,화물
警部,ケイ|ブ,ケイ|ブ,경부
腹話術,フク|ワ|ジュツ,フク|ワ|ジュツ,복화술
権威,ケン|イ,ケン|イ,권위
公務員,コウ|ム|イン,コー|ム|イン,공무원
偵察,テイ|サツ,テイ|サツ,정찰
魚礁,ギョ|ショウ,ギョ|ショー,어초
義歯,ギ|シ,ギ|シ,의치
外食,ガイ|ショク,ガイ|ショク,외식
白酒,シロ|ザケ,シロ|ザケ,백주
歩道,ホ|ドウ,ホ|ドー,보도
漁村,ギョ|ソン,ギョ|ソン,어촌
魚市場,ウオ|イチ|バ,ウオ|イチ|バ,어시장
中原,ナカ|ハラ,ナカ|ハラ,중원
理紗,リ|サ,リ|サ,리사
珪藻土,ケイ|ソウ|ド,ケイ|ソー|ド,규조토
石材,セキ|ザイ,セキ|ザイ,석재
軽石,カル|イシ,カル|イシ,경석
胎児,タイ|ジ,タイ|ジ,태아
連,レン,レン,련
遊水池,ユウ|スイ|チ,ユー|スイ|チ,유수지
如意宝珠,ニョ|イ|ホウ|ジュ,ニョ|イ|ホー|ジュ,여의보주
怪談,カイ|ダン,カイ|ダン,괴담
伸也,シン|ヤ,シン|ヤ,신야
粘液,ネン|エキ,ネン|エキ,점액
瞑想,メイ|ソウ,メイ|ソー,명상
飢饉,キ|キン,キ|キン,기근
食欲,ショク|ヨク,ショク|ヨク,식욕
再建,サイ|ケン,サイ|ケン,재건
能動態,ノウ|ドウ|タイ,ノー|ドー|タイ,능동태
堆肥,タイ|ヒ,タイ|ヒ,퇴비
愛着,アイ|チャク,アイ|チャク,애착
沈殿,チン|デン,チン|デン,침전
文化服装学院,ブン|カ|フク|ソウ|ガク|イン,ブン|カ|フク|ソー|ガク|イン,문화복장학원
残留,ザン|リュウ,ザン|リュー,잔류
面接,メン|セツ,メン|セツ,면접
塩田,エン|デン,エン|デン,염전
笑劇,ショウ|ゲキ,ショー|ゲキ,소극
長期,チョウ|キ,チョー|キ,장기
接続,セツ|ゾク,セツ|ゾク,접속
融資,ユウ|シ,ユー|シ,융자
毒素,ドク|ソ,ドク|ソ,독소
重要,ジュウ|ヨウ,ジュー|ヨー,중요
遺産,イ|サン,イ|サン,유산
純情,ジュン|ジョウ,ジュン|ジョー,순정
浄化槽,ジョウ|カ|ソウ,ジョー|カ|ソー,정화조
麻也,マ|ヤ,マ|ヤ,마야
前,ゼン,ゼン,전
上皇,ジョウ|コウ,ジョー|コー,상황
排卵,ハイ|ラン,ハイ|ラン,배란
人身,ジン|シン,ジン|シン,인신
博物学,ハク|ブツ|ガク,ハク|ブツ|ガク,박물학
定年,テイ|ネン,テイ|ネン,정년
毒蛇,ドク|ヘビ,ドク|ヘビ,독사
皇位,コウ|イ,コー|イ,황위
軍楽隊,グン|ガク|タイ,グン|ガク|タイ,군악대
魚道,ギョ|ドウ,ギョ|ドー,어도
急流,キュウ|リュウ,キュー|リュー,급류
学用品,ガク|ヨウ|ヒン,ガク|ヨー|ヒン,학용품
万年雪,マン|ネン|ユキ,マン|ネン|ユキ,만년설
等圧線,トウ|アツ|セン,トー|アツ|セン,등압선
会館,カイ|カン,カイ|カン,회관
凍傷,トウ|ショウ,トー|ショー,동상
皇子,オウ|ジ,オー|ジ,황자
南東,ナン|トウ,ナン|トー,남동
文選,ブン|セン,ブン|セン,문선
焚書,フン|ショ,フン|ショ,분서
大発見,ダイ|ハッ|ケン,ダイ|ハッ|ケン,대발견
否認,ヒ|ニン,ヒ|ニン,부인
悪人,アク|ニン,アク|ニン,악인
字体,ジ|タイ,ジ|タイ,자체
代表,ダイ|ヒョウ,ダイ|ヒョー,대표
阿保,ア|ホ,ア|ホ,아보
記念,キ|ネン,キ|ネン,기념
無音,ム|オン,ム|オン,무음
赤目,アカ|メ,アカ|メ,적목
常識,ジョウ|シキ,ジョー|シキ,상식
胎生,タイ|セイ,タイ|セイ,태생
外人,ガイ|ジン,ガイ|ジン,외인
優等,ユウ|トウ,ユー|トー,우등
沿革,エン|カク,エン|カク,연혁
軽蔑,ケイ|ベツ,ケイ|ベツ,경멸
伝声管,デン|セイ|カン,デン|セイ|カン,전성관
即興,ソッ|キョウ,ソッ|キョー,즉흥
演奏,エン|ソウ,エン|ソー,연주
気分,キ|ブン,キ|ブン,기분
果肉,カ|ニク,カ|ニク,과육
果皮,カ|ヒ,カ|ヒ,과피
寒波,カン|パ,カン|パ,한파
燃費,ネン|ピ,ネン|ピ,연비
風刺,フウ|シ,フー|シ,풍자
短距離,タン|キョ|リ,タン|キョ|リ,단거리
長距離,チョウ|キョ|リ,チョー|キョ|リ,장거리
多項,タ|コウ,タ|コー,다항
洗脳,セン|ノウ,セン|ノー,세뇌
品質,ヒン|シツ,ヒン|シツ,품질
眼帯,ガン|タイ,ガン|タイ,안대
荘園,ショウ|エン,ショー|エン,장원
等高線,トウ|コウ|セン,トー|コー|セン,등고선
河西,カ|サイ,カ|サイ,하서
模倣,モ|ホウ,モ|ホー,모방
汪洋,オウ|ヨウ,オー|ヨー,왕양
火山岩,カ|ザン|ガン,カ|ザン|ガン,화산암
熱帯魚,ネッ|タイ|ギョ,ネッ|タイ|ギョ,열대어
急行,キュウ|コウ,キュー|コー,급행
変成,ヘン|セイ,ヘン|セイ,변성
非公式,ヒ|コウ|シキ,ヒ|コー|シキ,비공식
変装,ヘン|ソウ,ヘン|ソー,변장
刺客,シ|カク,シ|カク,자객
棍棒,コン|ボウ,コン|ボー,곤봉
警棒,ケイ|ボウ,ケイ|ボー,경봉
夜盲症,ヤ|モウ|ショウ,ヤ|モー|ショー,야맹증
加地,カ|ジ,カ|ジ,가지
崑,コン,コン,곤
美人,ビ|ジン,ビ|ジン,미인
独身,ドク|シン,ドク|シン,독신
風疹,フウ|シン,フー|シン,풍진
通学,ツウ|ガク,ツー|ガク,통학
休学,キュウ|ガク,キュー|ガク,휴학
停学,テイ|ガク,テイ|ガク,정학
退学,タイ|ガク,タイ|ガク,퇴학
語学,ゴ|ガク,ゴ|ガク,어학
家出,イエ|デ,イエ|デ,가출
猩紅熱,ショウ|コウ|ネツ,ショー|コー|ネツ,성홍열
別居,ベッ|キョ,ベッ|キョ,별거
法務省,ホウ|ム|ショウ,ホー|ム|ショー,법무성
本館,ホン|カン,ホン|カン,본관
砲弾,ホウ|ダン,ホー|ダン,포탄
点火,テン|カ,テン|カ,점화
乾杯,カン|パイ,カン|パイ,건배
追憶,ツイ|オク,ツイ|オク,추억
了,リョウ,リョー,료
地盤,ジ|バン,ジ|バン,지반
放置,ホウ|チ,ホー|チ,방치
駐車,チュウ|シャ,チュー|シャ,주차
男女,ダン|ジョ,ダン|ジョ,남녀
共用,キョウ|ヨウ,キョー|ヨー,공용
潰瘍,カイ|ヨウ,カイ|ヨー,궤양
気管支炎,キ|カン|シ|エン,キ|カン|シ|エン,기관지염
寡婦,カ|フ,カ|フ,과부
水蒸気,スイ|ジョウ|キ,スイ|ジョー|キ,수증기
大脳皮質,ダイ|ノウ|ヒ|シツ,ダイ|ノー|ヒ|シツ,대뇌피질
測量,ソク|リョウ,ソク|リョー,측량
得点,トク|テン,トク|テン,득점
過労,カ|ロウ,カ|ロー,과로
欠乏症,ケツ|ボウ|ショウ,ケツ|ボー|ショー,결핍증
訪問,ホウ|モン,ホー|モン,방문
光徳,ミツ|ノリ,ミツ|ノリ,광덕
闘犬,トウ|ケン,トー|ケン,투견
織機,ショッ|キ,ショッ|キ,직기
保健所,ホ|ケン|ジョ,ホ|ケン|ジョ,보건소
敗血症,ハイ|ケツ|ショウ,ハイ|ケツ|ショー,패혈증
由利,ユ|リ,ユ|リ,유리
鋳造,チュウ|ゾウ,チュー|ゾー,주조
本草学,ホン|ゾウ|ガク,ホン|ゾー|ガク,본초학
診断,シン|ダン,シン|ダン,진단
非破壊,ヒ|ハ|カイ,ヒ|ハ|カイ,비파괴
初演,ショ|エン,ショ|エン,초연
徹夜,テツ|ヤ,テツ|ヤ,철야
治安,チ|アン,チ|アン,치안
判官,ホウ|ガン,ホー|ガン,판관
旋法,セン|ポウ,セン|ポー,선법
半音,ハン|オン,ハン|オン,반음
拍子,ヒョウ|シ,ヒョー|シ,박자
麻耶,マ|ヤ,マ|ヤ,마야
燕尾服,エン|ビ|フク,エン|ビ|フク,연미복
興行,コウ|ギョウ,コー|ギョー,흥행
国母,コク|ボ,コク|ボ,국모
地政学,チ|セイ|ガク,チ|セイ|ガク,지정학
西方,セイ|ホウ,セイ|ホー,서방
瑞宝章,ズイ|ホウ|ショウ,ズイ|ホー|ショー,서보장
宝冠章,ホウ|カン|ショウ,ホー|カン|ショー,보관장
等式,トウ|シキ,トー|シキ,등식
精子,セイ|シ,セイ|シ,정자
次数,ジ|スウ,ジ|スー,차수
三重,ミ|エ,ミ|エ,삼중
還俗,ゲン|ゾク,ゲン|ゾク,환속
簿記,ボ|キ,ボ|キ,부기
未亡人,ミ|ボウ|ジン,ミ|ボー|ジン,미망인
聖,ヒジリ,ヒジリ,성
怪獣,カイ|ジュウ,カイ|ジュー,괴수
国際大学,コク|サイ|ダイ|ガク,コク|サイ|ダイ|ガク,국제대학
高校,コウ|コウ,コー|コー,고교
指揮棒,シ|キ|ボウ,シ|キ|ボー,지휘봉
亜由美,ア|ユ|ミ,ア|ユ|ミ,아유미
陥落,カン|ラク,カン|ラク,함락
中道右派,チュウ|ドウ|ウ|ハ,チュー|ドー|ウ|ハ,중도우파
極左,キョク|サ,キョク|サ,극좌
平日,ヘイ|ジツ,ヘイ|ジツ,평일
天命,テン|メイ,テン|メイ,천명
比例,ヒ|レイ,ヒ|レイ,비례
学費,ガク|ヒ,ガク|ヒ,학비
報道,ホウ|ドウ,ホー|ドー,보도
原告,ゲン|コク,ゲン|コク,원고
煩悩,ボン|ノウ,ボン|ノー,번뇌
狂詩曲,キョウ|シ|キョク,キョー|シ|キョク,광시곡
国道,コク|ドウ,コク|ドー,국도
帯,タイ,タイ,대
臥薪嘗胆,ガ|シン|ショウ|タン,ガ|シン|ショー|タン,와신상담
固有,コ|ユウ,コ|ユー,고유
退役,タイ|エキ,タイ|エキ,퇴역
軍人,グン|ジン,グン|ジン,군인
乾癬,カン|セン,カン|セン,건선
供託,キョウ|タク,キョー|タク,공탁
芸能,ゲイ|ノウ,ゲイ|ノー,예능
主,シュ,シュ,주
迷宮,メイ|キュウ,メイ|キュー,미궁
劇団,ゲキ|ダン,ゲキ|ダン,극단
文化庁,ブン|カ|チョウ,ブン|カ|チョー,문화청
公益,コウ|エキ,コー|エキ,공익
県営,ケン|エイ,ケン|エイ,현영
承認,ショウ|ニン,ショー|ニン,승인
吸着,キュウ|チャク,キュー|チャク,흡착
家計,カ|ケイ,カ|ケイ,가계
生霊,イキ|リョウ,イキ|リョー,생령
切断,セツ|ダン,セツ|ダン,절단
抗議,コウ|ギ,コー|ギ,항의
配電,ハイ|デン,ハイ|デン,배전
発見,ハッ|ケン,ハッ|ケン,발견
直喩,チョク|ユ,チョク|ユ,직유
活性,カッ|セイ,カッ|セイ,활성
因果,イン|ガ,イン|ガ,인과
還元,カン|ゲン,カン|ゲン,환원
悲情城市,ヒ|ジョウ|ジョウ|シ,ヒ|ジョー|ジョー|シ,비정성시
胚葉,ハイ|ヨウ,ハイ|ヨー,배엽
丹那,ニ|ナ,ニ|ナ,단나
忘却,ボウ|キャク,ボー|キャク,망각
不条理,フ|ジョウ|リ,フ|ジョー|リ,부조리
中央大学,チュウ|オウ|ダイ|ガク,チュー|オー|ダイ|ガク,중앙대학
五根,ゴ|コン,ゴ|コン,오근
県令,ケン|レイ,ケン|レイ,현령
心電図,シン|デン|ズ,シン|デン|ズ,심전도
波数,ハ|スウ,ハ|スー,파수
電動,デン|ドウ,デン|ドー,전동
欲界,ヨク|カイ,ヨク|カイ,욕계
鉄棒,テツ|ボウ,テツ|ボー,철봉
平行棒,ヘイ|コウ|ボウ,ヘイ|コー|ボー,평행봉
製本,セイ|ホン,セイ|ホン,제본
愛撫,アイ|ブ,アイ|ブ,애무
信仰,シン|コウ,シン|コー,신앙
愚民,グ|ミン,グ|ミン,우민
全力,ゼン|リョク,ゼン|リョク,전력
文學界,ブン|ガク|カイ,ブン|ガク|カイ,문학계
地上波,チ|ジョウ|ハ,チ|ジョー|ハ,지상파
山越,ヤマ|コシ,ヤマ|コシ,산월
設備,セツ|ビ,セツ|ビ,설비
畳語,ジョウ|ゴ,ジョー|ゴ,첩어
後遺症,コウ|イ|ショウ,コー|イ|ショー,후유증
文庫本,ブン|コ|ボン,ブン|コ|ボン,문고본
副業,フク|ギョウ,フク|ギョー,부업
講師,コウ|シ,コー|シ,강사
後宮,コウ|キュウ,コー|キュー,후궁
越冬,エッ|トウ,エッ|トー,월동
出芽,シュツ|ガ,シュツ|ガ,출아
副審,フク|シン,フク|シン,부심
打順,ダ|ジュン,ダ|ジュン,타순
換喩,カン|ユ,カン|ユ,환유
伝記,デン|キ,デン|キ,전기
号外,ゴウ|ガイ,ゴー|ガイ,호외
包装,ホウ|ソウ,ホー|ソー,포장
禁酒,キン|シュ,キン|シュ,금주
救急,キュウ|キュウ,キュー|キュー,구급
遊廓,ユウ|カク,ユー|カク,유곽
大学院,ダイ|ガク|イン,ダイ|ガク|イン,대학원
開拓,カイ|タク,カイ|タク,개척
公立,コウ|リツ,コー|リツ,공립
貪,ムサボ,ムサボ,탐
菌糸,キン|シ,キン|シ,균사
食用,ショク|ヨウ,ショク|ヨー,식용
王献之,オウ|ケン|シ,オー|ケン|シ,왕헌지
発芽,ハツ|ガ,ハツ|ガ,발아
駐,チュウ,チュー,주
大使館,タイ|シ|カン,タイ|シ|カン,대사관
評論,ヒョウ|ロン,ヒョー|ロン,평론
船体,セン|タイ,セン|タイ,선체
歯髄,シ|ズイ,シ|ズイ,치수
国際武道大学,コク|サイ|ブ|ドウ|ダイ|ガク,コク|サイ|ブ|ドー|ダイ|ガク,국제무도대학
退化,タイ|カ,タイ|カ,퇴화
一水会,イチ|スイ|カイ,イチ|スイ|カイ,일수회
語幹,ゴ|カン,ゴ|カン,어간
武松,タケ|マツ,タケ|マツ,무송
本文,ホン|ブン,ホン|ブン,본문
弘恭,ヒロ|ユキ,ヒロ|ユキ,홍공
動脈血,ドウ|ミャク|ケツ,ドー|ミャク|ケツ,동맥혈
膿瘍,ノウ|ヨウ,ノー|ヨー,농양
実況,ジッ|キョウ,ジッ|キョー,실황
体温計,タイ|オン|ケイ,タイ|オン|ケイ,체온계
東北,トウ|ホク,トー|ホク,동북
射出,シャ|シュツ,シャ|シュツ,사출
慈善,ジ|ゼン,ジ|ゼン,자선
地主,ジ|ヌシ,ジ|ヌシ,지주
土地,ト|チ,ト|チ,토지
東宮御所,トウ|グウ|ゴ|ショ,トー|グー|ゴ|ショ,동궁어소
藩閥,ハン|バツ,ハン|バツ,번벌
偽装,ギ|ソウ,ギ|ソー,위장
制空権,セイク|ウ|ケン,セイク|ー|ケン,제공권
軍師,グン|シ,グン|シ,군사
同値,ドウ|チ,ドー|チ,동치
腐肉,フ|ニク,フ|ニク,부육
受験,ジュ|ケン,ジュ|ケン,수험
滑空,カッ|クウ,カッ|クー,활공
大全,タイ|ゼン,タイ|ゼン,대전
放射線,ホウ|シャ|セン,ホー|シャ|セン,방사선
羞恥心,シュウ|チ|シン,シュー|チ|シン,수치심
典拠,テン|キョ,テン|キョ,전거
三昧,サン|マイ,サン|マイ,삼매
再会,サイ|カイ,サイ|カイ,재회
製鋼,セイ|コウ,セイ|コー,제강
音痴,オン|チ,オン|チ,음치
容貌,ヨウ|ボウ,ヨー|ボー,용모
消防庁,ショウ|ボウ|チョウ,ショー|ボー|チョー,소방청
木魚,モク|ギョ,モク|ギョ,목어
場,ジョウ,ジョー,장
一年生植物,イチ|ネン|セイ|ショク|ブツ,イチ|ネン|セイ|ショク|ブツ,일년생식물
二年生植物,ニ|ネン|セイ|ショク|ブツ,ニ|ネン|セイ|ショク|ブツ,이년생식물
水晶,スイ|ショウ,スイ|ショー,수정
精霊,セイ|レイ,セイ|レイ,정령
書評,ショ|ヒョウ,ショ|ヒョー,서평
黒幕,ク|ロマク,ク|ロマク,흑막
手数料,テ|スウ|リョウ,テ|スー|リョー,수수료
制裁,セイ|サイ,セイ|サイ,제재
閣下,カッ|カ,カッ|カ,각하
不正,フ|セイ,フ|セイ,부정
時,ジ,ジ,시
名数,メイ|スウ,メイ|スー,명수
口語,コウ|ゴ,コー|ゴ,구어
図面,ズ|メン,ズ|メン,도면
接地,セッ|チ,セッ|チ,접지
焦点,ショウ|テン,ショー|テン,초점
熱狂,ネッ|キョウ,ネッ|キョー,열광
墜落,ツイ|ラク,ツイ|ラク,추락
規約,キ|ヤク,キ|ヤク,규약
修正,シュウ|セイ,シュー|セイ,수정
冠詞,カン|シ,カン|シ,관사
枕木,マク|ラギ,マク|ラギ,침목
配給,ハイ|キュウ,ハイ|キュー,배급
北西,ホク|セイ,ホク|セイ,북서
系,ケイ,ケイ,계
伝達,デン|タツ,デン|タツ,전달
赤旗,アカ|ハタ,アカ|ハタ,적기
忍耐,ニン|タイ,ニン|タイ,인내
条例,ジョウ|レイ,ジョー|レイ,조례
成分,セイ|ブン,セイ|ブン,성분
射精,シャ|セイ,シャ|セイ,사정
拳法,ケン|ポウ,ケン|ポー,권법
草地,ク|サチ,ク|サチ,초지
下級生,カ|キュウ|セイ,カ|キュー|セイ,하급생
怪力,カイ|リキ,カイ|リキ,괴력
日日,ヒ|ニチ,ヒ|ニチ,일일
制定,セイ|テイ,セイ|テイ,제정
排気,ハイ|キ,ハイ|キ,배기
追跡,ツイ|セキ,ツイ|セキ,추적
定義,テイ|ギ,テイ|ギ,정의
多汗症,タ|カン|ショウ,タ|カン|ショー,다한증
高周波,コウ|シュウ|ハ,コー|シュー|ハ,고주파
候補,コウ|ホ,コー|ホ,후보
遊女,ユウ|ジョ,ユー|ジョ,유녀
全身,ゼン|シン,ゼン|シン,전신
有料,ユウ|リョウ,ユー|リョー,유료
先生,セン|セイ,セン|セイ,선생
重症,ジュウ|ショウ,ジュー|ショー,중증
熱性,ネッ|セイ,ネッ|セイ,열성
減少,ゲン|ショウ,ゲン|ショー,감소
破壊,ハ|カイ,ハ|カイ,파괴
急死,キュウ|シ,キュー|シ,급사
単項式,タン|コウ|シキ,タン|コー|シキ,단항식
臼砲,キュウ|ホウ,キュー|ホー,구포
宴会,エン|カイ,エン|カイ,연회
事典,ジ|テン,ジ|テン,사전
脆弱,ゼイ|ジャク,ゼイ|ジャク,취약
同意,ドウ|イ,ドー|イ,동의
批判,ヒ|ハン,ヒ|ハン,비판
銑鉄,セン|テツ,セン|テツ,선철
学芸,ガク|ゲイ,ガク|ゲイ,학예
在日,ザイ|ニチ,ザイ|ニチ,재일
会長,カイ|チョウ,カイ|チョー,회장
重婚,ジュウ|コン,ジュー|コン,중혼
優勝,ユウ|ショウ,ユー|ショー,우승
防災,ボウ|サイ,ボー|サイ,방재
防犯,ボウ|ハン,ボー|ハン,방범
野生,ヤ|セイ,ヤ|セイ,야생
波形,ハ|ケイ,ハ|ケイ,파형
筋力,キン|リョク,キン|リョク,근력
探索,タン|サク,タン|サク,탐색
可用性,カ|ヨウ|セイ,カ|ヨー|セイ,가용성
基準,キ|ジュン,キ|ジュン,기준
仮面,カ|メン,カ|メン,가면
原因,ゲン|イン,ゲン|イン,원인
布石,フ|セキ,フ|セキ,포석
議長,ギ|チョウ,ギ|チョー,의장
搭乗,トウ|ジョウ,トー|ジョー,탑승
容量,ヨウ|リョウ,ヨー|リョー,용량
推理,スイ|リ,スイ|リ,추리
指標,シ|ヒョウ,シ|ヒョー,지표
章典,ショウ|テン,ショー|テン,장전
屋上,オク|ジョウ,オク|ジョー,옥상
陶磁,トウ|ジ,トー|ジ,도자
全米,ゼン|ベイ,ゼン|ベイ,전미
地位,チ|イ,チ|イ,지위
向上,コウ|ジョウ,コー|ジョー,향상
維持,イ|ジ,イ|ジ,유지
消滅,ショウ|メツ,ショー|メツ,소멸
外国,ガイ|コク,ガイ|コク,외국
胸腺,キョウ|セン,キョー|セン,흉선
分岐,ブン|キ,ブン|キ,분기
予測,ヨ|ソク,ヨ|ソク,예측
肩章,ケン|ショウ,ケン|ショー,견장
王族,オウ|ゾク,オー|ゾク,왕족
王室,オウ|シツ,オー|シツ,왕실
王権,オウ|ケン,オー|ケン,왕권
皇女,オウ|ジョ,オー|ジョ,황녀
王女,オウ|ジョ,オー|ジョ,왕녀
無料,ム|リョウ,ム|リョー,무료
図鑑,ズ|カン,ズ|カン,도감
作用素,サ|ヨウ|ソ,サ|ヨー|ソ,작용소
周遊,シュウ|ユウ,シュー|ユー,주유
府立,フ|リツ,フ|リツ,부립
公会堂,コウ|カイ|ドウ,コー|カイ|ドー,공회당
三角波,サン|カク|ナミ,サン|カク|ナミ,삼각파
選抜,セン|バツ,セン|バツ,선발
鉱毒,コウ|ドク,コー|ドク,광독
呪術,ジュ|ジュツ,ジュ|ジュツ,주술
広域,コウ|イキ,コー|イキ,광역
保育,ホ|イク,ホ|イク,보육
旋風,セン|プウ,セン|プー,선풍
倍音,バイ|オン,バイ|オン,배음
需要,ジュ|ヨウ,ジュ|ヨー,수요
陽,ヒ,ヒ,양
服装,フク|ソウ,フク|ソー,복장
規定,キ|テイ,キ|テイ,규정
軽食,ケイ|ショク,ケイ|ショク,경식
香炉,コウ|ロ,コー|ロ,향로
本店,ホン|テン,ホン|テン,본점
報道局,ホウ|ドウ|キョク,ホー|ドー|キョク,보도국
工廠,コウ|ショウ,コー|ショー,공창
銃撃,ジュウ|ゲキ,ジュー|ゲキ,총격
尊属,ソン|ゾク,ソン|ゾク,존속
発癌,ハツ|ガン,ハツ|ガン,발암
度,ド,ド,도
熱愛,ネツ|アイ,ネツ|アイ,열애
斉,ヒトシ,ヒトシ,제
病歴,ビョウ|レキ,ビョー|レキ,병력
診療,シン|リョウ,シン|リョー,진료
被告,ヒ|コク,ヒ|コク,피고
受精卵,ジュ|セイ|ラン,ジュ|セイ|ラン,수정란
七種,ナナク|サ,ナナク|サ,칠종
沙羅,サ|ラ,サ|ラ,사라
家政学,カ|セイ|ガク,カ|セイ|ガク,가정학
伝播,デン|パ,デン|パ,전파
排斥,ハイ|セキ,ハイ|セキ,배척
月桂冠,ゲッ|ケイ|カン,ゲッ|ケイ|カン,월계관
瓶,ビン,ビン,병
証人,ショウ|ニン,ショー|ニン,증인
更改,コウ|カイ,コー|カイ,경개
深夜,シン|ヤ,シン|ヤ,심야
泰徳,ヤス|ノリ,ヤス|ノリ,태덕
東京国際大学,トウ|キョウ|コク|サイ|ダイ|ガク,トー|キョー|コク|サイ|ダイ|ガク,동경국제대학
虚像,キョ|ゾウ,キョ|ゾー,허상
砲艦,ホウ|カン,ホー|カン,포함
総裁,ソウ|サイ,ソー|サイ,총재
法皇,ホウ|オウ,ホー|オー,법황
怪盗,カイ|トウ,カイ|トー,괴도
司令塔,シ|レイ|トウ,シ|レー|トウ,사령탑
演出,エン|シュツ,エン|シュツ,연출
会場,カイ|ジョウ,カイ|ジョー,회장
官位,カン|イ,カン|イ,관위
官職,カン|ショク,カン|ショク,관직
作成,サク|セイ,サク|セイ,작성
汎用,ハン|ヨウ,ハン|ヨー,범용
水運,スイ|ウン,スイ|ウン,수운
財閥,ザイ|バツ,ザイ|バツ,재벌
解体,カイ|タイ,カイ|タイ,해체
東征,トウ|セイ,トー|セイ,동정
城壁,ジョウ|ヘキ,ジョー|ヘキ,성벽
防諜,ボウ|チョウ,ボー|チョー,방첩
実物,ジツ|ブツ,ジツ|ブツ,실물
貨幣,カ|ヘイ,カ|ヘイ,화폐
柱頭,チュウ|トウ,チュー|トー,주두
公営,コウ|エイ,コー|エイ,공영
活動,カツ|ドウ,カツ|ドー,활동
参謀,サン|ボウ,サン|ボー,참모
時報,ジ|ホウ,ジ|ホー,시보
夜景,ヤ|ケイ,ヤ|ケイ,야경
王立,オウ|リツ,オー|リツ,왕립
鉛版,エン|バン,エン|バン,연판
低地,テイ|チ,テイ|チ,저지
壁新聞,カベ|シン|ブン,カベ|シン|ブン,벽신문
後,コウ,コー,후
色収差,イロ|シュウ|サ,イロ|シュー|サ,색수차
竹槍,タケ|ヤリ,タケ|ヤリ,죽창
駆潜艇,ク|セン|テイ,ク|セン|テイ,구잠정
接続詞,セツ|ゾク|シ,セツ|ゾク|シ,접속사
建,ケン,ケン,건
拡大,カク|ダイ,カク|ダイ,확대
土石流,ド|セキ|リュウ,ド|セキ|リュー,토석류
副産物,フク|サン|ブツ,フク|サン|ブツ,부산물
糖,トウ,トー,당
参拝,サン|パイ,サン|パイ,참배
搭載,トウ|サイ,トー|サイ,탑재
黄体,オウ|タイ,オー|タイ,황체
割当,ワリ|アテ,ワリ|アテ,할당
治平,ジ|ヘイ,ジ|ヘイ,치평
直角,チョッ|カク,チョッ|カク,직각
除雪,ジョ|セツ,ジョ|セツ,제설
雪線,セッ|セン,セッ|セン,설선
怪火,カイ|カ,カイ|カ,괴화
旗艦,キ|カン,キ|カン,기함
政略,セイ|リャク,セイ|リャク,정략
方式,ホウ|シキ,ホー|シキ,방식
新進党,シン|シン|トウ,シン|シン|トー,신진당
新生党,シン|セイ|トウ,シン|セイ|トー,신생당
商用,ショウ|ヨウ,ショー|ヨー,상용
綿棒,メン|ボウ,メン|ボー,면봉
痙攣,ケイ|レン,ケイ|レン,경련
筆順,ヒツ|ジュン,ヒツ|ジュン,필순
鼓膜,コ|マク,コ|マク,고막
後期,コウ|キ,コー|キ,후기
読解,ドッ|カイ,ドッ|カイ,독해
紡績,ボウ|セキ,ボー|セキ,방적
橋頭堡,キョウ|トウ|ホ,キョー|トー|ホ,교두보
康珍化,カン|チン|ファ,カン|チン|ファ,강진화
製靴,セイ|カ,セイ|カ,제화
表土,ヒョウ|ド,ヒョー|ド,표토
水軍,スイ|グン,スイ|グン,수군
職員,ショク|イン,ショク|イン,직원
慶州,ケイ|シュウ,ケイ|シュー,경주
天主堂,テン|シュ|ドウ,テン|シュ|ドー,천주당
経絡,ケイ|ラク,ケイ|ラク,경락
貯蔵,チョ|ゾウ,チョ|ゾー,저장
先行,セン|コウ,セン|コー,선행
融合,ユウ|ゴウ,ユー|ゴー,융합
広角,コウ|カク,コー|カク,광각
飯盒,ハン|ゴウ,ハン|ゴー,반합
試験管,シ|ケン|カン,シ|ケン|カン,시험관
東門,ヒガシ|モン,ヒガシ|モン,동문
接待,セッ|タイ,セッ|タイ,접대
新宮,シン|グウ,シン|グー,신궁
競走,キョウ|ソウ,キョー|ソー,경주
血栓,ケッ|セン,ケッ|セン,혈전
固溶体,コ|ヨウ|タイ,コ|ヨー|タイ,고용체
五線譜,ゴ|セン|フ,ゴ|セン|フ,오선보
太守,タイ|シュ,タイ|シュ,태수
行商,ギョウ|ショウ,ギョー|ショー,행상
標的,ヒョウ|テキ,ヒョー|テキ,표적
抑圧,ヨク|アツ,ヨク|アツ,억압
知世,トモ|ヨ,トモ|ヨ,지세
行灯,アン|ドン,アン|ドン,행등
恩賜,オン|シ,オン|シ,은사
反切,ハン|セツ,ハン|セツ,반절
義理,ギ|リ,ギ|リ,의리
炭鉱,タン|コウ,タン|コー,탄광
円卓,エン|タク,エン|タク,원탁
徴候,チョウ|コウ,チョー|コー,징후
銃眼,ジュウ|ガン,ジュー|ガン,총안
黙示,モク|シ,モク|シ,묵시
密航,ミッ|コウ,ミッ|コー,밀항
配線,ハイ|セン,ハイ|セン,배선
橙色,ダイダイ|イロ,ダイダイ|イロ,등색
七曜,シチ|ヨウ,シチ|ヨー,칠요
賢人,ケン|ジン,ケン|ジン,현인
配管,ハイ|カン,ハイ|カン,배관
換気,カン|キ,カン|キ,환기
台地,ダイ|チ,ダイ|チ,대지
分化,ブン|カ,ブン|カ,분화
従属,ジュウ|ゾク,ジュー|ゾク,종속
小,ショウ,ショー,소
身体,シン|タイ,シン|タイ,신체
改造,カイ|ゾウ,カイ|ゾー,개조
位階,イ|カイ,イ|カイ,위계
核種,カク|シュ,カク|シュ,핵종
怨霊,オン|リョウ,オン|リョー,원령
絵巻,エ|マキ,エ|マキ,회권
分数,ブン|スウ,ブン|スー,분수
荷電,カ|デン,カ|デン,하전
基底,キ|テイ,キ|テイ,기저
不動点,フ|ドウ|テン,フ|ドー|テン,부동점
公共,コウ|キョウ,コー|キョー,공공
起承転結,キ|ショウ|テン|ケツ,キ|ショー|テン|ケツ,기승전결
初期,ショ|キ,ショ|キ,초기
雨氷,ウ|ヒョウ,ウ|ヒョー,우빙
暗算,アン|ザン,アン|ザン,암산
槍術,ソウ|ジュツ,ソー|ジュツ,창술
染髪,セン|パツ,セン|パツ,염발
事務職,ジ|ム|ショク,ジ|ム|ショク,사무직
